-- phpMyAdmin SQL Dump
-- version 5.1.1
-- https://www.phpmyadmin.net/
--
-- 主机： localhost
-- 生成日期： 2021-08-26 02:33:31
-- 服务器版本： 5.7.31
-- PHP 版本： 7.3.21

SET SQL_MODE = "NO_AUTO_VALUE_ON_ZERO";
START TRANSACTION;
SET time_zone = "+00:00";


/*!40101 SET @OLD_CHARACTER_SET_CLIENT=@@CHARACTER_SET_CLIENT */;
/*!40101 SET @OLD_CHARACTER_SET_RESULTS=@@CHARACTER_SET_RESULTS */;
/*!40101 SET @OLD_COLLATION_CONNECTION=@@COLLATION_CONNECTION */;
/*!40101 SET NAMES utf8mb4 */;

--
-- 数据库： `marketing`
--

-- --------------------------------------------------------

--
-- 表的结构 `t_basic_director`
--

CREATE TABLE `t_basic_director` (
  `uuid` varchar(36) NOT NULL COMMENT '主键id',
  `name` varchar(64) NOT NULL COMMENT '姓名',
  `email` varchar(128) DEFAULT NULL COMMENT '邮箱',
  `phone` varchar(15) DEFAULT NULL COMMENT '电话'
) ENGINE=InnoDB DEFAULT CHARSET=utf8mb4;

--
-- 转存表中的数据 `t_basic_director`
--

INSERT INTO `t_basic_director` (`uuid`, `name`, `email`, `phone`) VALUES
('0b8f0da5-873b-4ada-a025-2fa6c626a2af', 'IPS iConfig Manager', 'ipsconfig@inspur.com', '18600367240'),
('421091d1-7ad4-49f9-9f3d-e8c554d60e1b', '李彬', 'libinbj@inspur.com', '13581511029'),
('4f7f680e-1c89-4eac-8d23-c74146881687', '易韬', 'yitao01@inspur.com', '13911230993'),
('755ca8e8-48d9-40eb-877e-d379de0de7a2', '杜林', 'dulin@inspur.com', '13810928357'),
('80956dd9-1a3e-4ebe-a0b2-0bf3e49b5b0d', '刘茜', 'liuqian02@inspur.com', '13902244997'),
('8686bb30-810c-4369-a9e0-1e49fa99a701', '潘勇超', 'panyongchao@inspur.com', '18513558988'),
('a1fe4e13-fa17-4737-8672-b04643deae8f', '马晓东', 'maxiaodong01@inspur.com', '13810556617'),
('a3807022-a591-4779-b389-f7adf639eaac', '韩韵翔', 'hanyunxiang@inspur.com', '13811816883'),
('c1fedcf5-9980-45a0-a4ff-80dc3f95cf8a', '曾欢', 'zenghuan@inspur.com', '15668367090'),
('c87fabf5-f295-409a-8469-2a19ff1cdd17', '荣轶', 'rongyi@inspur.com', '13550026636'),
('c9dae44d-9090-4976-a476-656b0a50fcc5', '何爱平', 'heaiping@inspur.com', '15821259679');

-- --------------------------------------------------------

--
-- 表的结构 `t_basic_organization`
--

CREATE TABLE `t_basic_organization` (
  `uuid` varchar(36) NOT NULL COMMENT '主键id',
  `ce_id` varchar(64) DEFAULT NULL COMMENT 'CEID',
  `name_chn` varchar(128) NOT NULL COMMENT '公司名称（中文）',
  `name_eng` varchar(128) DEFAULT NULL COMMENT '公司名称（英文）',
  `territory` varchar(128) DEFAULT NULL COMMENT '所属地',
  `director_uuid` varchar(36) DEFAULT NULL COMMENT '负责人',
  `desc` varchar(256) DEFAULT NULL COMMENT '组织备注',
  `role` varchar(64) DEFAULT NULL COMMENT '角色',
  `create_date` date NOT NULL COMMENT '创建时间',
  `state` int(11) DEFAULT '0' COMMENT '状态 0=有效 1=无效）'
) ENGINE=InnoDB DEFAULT CHARSET=utf8mb4;

--
-- 转存表中的数据 `t_basic_organization`
--

INSERT INTO `t_basic_organization` (`uuid`, `ce_id`, `name_chn`, `name_eng`, `territory`, `director_uuid`, `desc`, `role`, `create_date`, `state`) VALUES
('00023793-00b8-4f81-8a76-cb90f12e5e5d', 'IPS20180191', '北京中软万维网络技术有限公司', NULL, '北京', '4f7f680e-1c89-4eac-8d23-c74146881687', NULL, 'SP2', '2021-07-30', 0),
('0050d639-60f5-4300-b405-5c2e29115728', '10aiv4k3', '上海群立电脑科技有限公司', NULL, '上海', 'c9dae44d-9090-4976-a476-656b0a50fcc5', NULL, 'SP2', '2021-07-30', 0),
('00a03a28-ab6b-4633-81aa-ce5bde1812e3', 'IPS20200036', '青岛微智慧信息有限公司', NULL, '青岛', 'c1fedcf5-9980-45a0-a4ff-80dc3f95cf8a', NULL, 'SP2', '2021-07-30', 0),
('013b1f6c-05f5-408b-b85e-c4805b25ad79', 'ztzg7qq', '北京安宁盈科软件系统技术有限公司', NULL, '北京', '8686bb30-810c-4369-a9e0-1e49fa99a701', NULL, 'SP2', '2021-07-30', 0),
('01bb98b1-859f-4015-9edb-7a5241a6c54d', 'IPS20180204', '南京合千升网络科技有限公司', NULL, '南京', 'c9dae44d-9090-4976-a476-656b0a50fcc5', NULL, 'SP2', '2021-07-30', 0),
('01ced565-3e8a-4734-a871-f30f796a7c46', '6z4c5', '江苏群立世纪科技发展有限公司', NULL, '南京', 'c9dae44d-9090-4976-a476-656b0a50fcc5', NULL, 'SP2', '2021-07-30', 0),
('01f251a0-9b42-41af-bf5f-30b108efe13d', 'IPS20200042', '深圳天源锦合技术有限公司', NULL, '深圳', '80956dd9-1a3e-4ebe-a0b2-0bf3e49b5b0d', NULL, 'SP2', '2021-07-30', 0),
('0228fccd-4905-4166-b8a5-9ff3f1531223', 'IPS20200094', '天津市天安怡和信息技术有限公司', NULL, '天津', '8686bb30-810c-4369-a9e0-1e49fa99a701', NULL, 'SP2', '2021-07-30', 0),
('02a5e2ad-5846-4a22-b776-7e4e1983e8c4', '73t55', '深圳市中盛瑞达科技有限公司', NULL, '深圳', '80956dd9-1a3e-4ebe-a0b2-0bf3e49b5b0d', NULL, 'SP2', '2021-07-30', 0),
('02b85655-a962-4602-87d3-fcf805e90f64', 'IPS20190083', '昆明道实科技有限公司', NULL, '昆明', 'c87fabf5-f295-409a-8469-2a19ff1cdd17', NULL, 'SP2', '2021-07-30', 0),
('02ba711b-cbfc-4678-a5c7-ca0f7383a9ea', 'IPS20200035', '斗山(北京)系统集成有限公司', NULL, '北京', 'a1fe4e13-fa17-4737-8672-b04643deae8f', NULL, 'SP2', '2021-07-30', 0),
('035225b4-d492-4c0e-81f7-33bee1918039', '71muf', '合肥天地电脑有限责任公司', NULL, '合肥', 'c9dae44d-9090-4976-a476-656b0a50fcc5', NULL, 'SP2', '2021-07-30', 0),
('036216e3-f330-4a28-a3ab-ab67e0654433', 'IPS20200007', '湖南远瞳科技有限公司', NULL, '长沙', 'c9dae44d-9090-4976-a476-656b0a50fcc5', NULL, 'SP2', '2021-07-30', 0),
('03bcf712-c99d-41e8-8291-060a90d0e986', '1apxxlia', '东方电子股份有限公司', NULL, '烟台', 'c1fedcf5-9980-45a0-a4ff-80dc3f95cf8a', NULL, 'SP2', '2021-07-30', 0),
('04428fa6-33b2-41ac-b8ea-69f16cb37671', '66t49', '北京元鼎时代科技股份有限公司', NULL, '北京', '8686bb30-810c-4369-a9e0-1e49fa99a701', NULL, 'SP2', '2021-07-30', 0),
('04978c4f-daf0-414b-8b86-a071a9adef46', '10aill33', '深圳市华云中盛科技股份有限公司', NULL, '深圳', '80956dd9-1a3e-4ebe-a0b2-0bf3e49b5b0d', NULL, 'SP1', '2021-07-30', 0),
('049f6aa7-e010-4d56-bacf-668475e655d6', '91bq2', '深圳瑞云互联科技有限公司', NULL, '深圳', '80956dd9-1a3e-4ebe-a0b2-0bf3e49b5b0d', NULL, 'SP2', '2021-07-30', 0),
('05571c2c-55b3-46e9-91cb-9365f0c52979', 'IPS20180168', '郑州众诚科技发展有限公司', NULL, '郑州', 'a1fe4e13-fa17-4737-8672-b04643deae8f', NULL, 'SP2', '2021-07-30', 0),
('058c8705-f5ee-440b-8752-79168d0a722b', 'ztze36o', '广州成翔计算机有限公司', NULL, '广州', '80956dd9-1a3e-4ebe-a0b2-0bf3e49b5b0d', NULL, 'SP2', '2021-07-30', 0),
('05c8caa4-07be-4af6-b911-a157f96c883c', 'IPS20200078', '广州市登泰信息科技有限公司', NULL, '广州', '80956dd9-1a3e-4ebe-a0b2-0bf3e49b5b0d', NULL, 'SP2', '2021-07-30', 0),
('05f2e3fb-26dd-44a0-aa84-9845339adf24', '8qrf6', '普瑞领航信息技术有限公司', NULL, '北京', 'a1fe4e13-fa17-4737-8672-b04643deae8f', NULL, 'SP2', '2021-07-30', 0),
('067207cc-0044-462c-98ee-5bdba0d8c0c2', '66kqz', '创元网络技术股份有限公司', NULL, '郑州', 'a1fe4e13-fa17-4737-8672-b04643deae8f', NULL, 'SP2', '2021-07-30', 0),
('07a92e1f-208b-4a7e-a9e7-0a4ca9a92615', '70cx7', '福建鸿智达电子有限公司', NULL, '福州', '80956dd9-1a3e-4ebe-a0b2-0bf3e49b5b0d', NULL, 'SP2', '2021-07-30', 0),
('07e5bbf1-d415-4d33-8513-a32ed7887de5', '21iy6tem', '天津市方卫信息系统工程技术有限公司', NULL, '天津', '8686bb30-810c-4369-a9e0-1e49fa99a701', NULL, 'SP2', '2021-07-30', 0),
('0898272d-e8f8-4b4c-a400-482d5cbc4f3b', '239yiprt', '济南富通伟业科技有限公司', NULL, '济南', 'c1fedcf5-9980-45a0-a4ff-80dc3f95cf8a', NULL, 'SP2', '2021-07-30', 0),
('08a63a2c-6c5e-4dfb-9b52-f535f8115f4f', 'ztzk8e5', '紫光软件系统有限公司', NULL, '北京', '4f7f680e-1c89-4eac-8d23-c74146881687', NULL, 'SP2', '2021-07-30', 0),
('099a6657-62de-462a-ade1-978badd04c86', 'IPCS20180055', '广东深博信息科技有限公司', NULL, '广州', '80956dd9-1a3e-4ebe-a0b2-0bf3e49b5b0d', NULL, 'SP2', '2021-07-30', 0),
('0a18bf9a-f50f-4b42-93ee-8c14feb1aac1', 'IPS20190102', '上海景豪信息技术有限公司', NULL, '上海', 'c9dae44d-9090-4976-a476-656b0a50fcc5', NULL, 'SP2', '2021-07-30', 0),
('0a351b6c-746a-4a9c-9ef8-e4f14d246c92', 'IPCS20180041', '云南银华翔科技发展有限公司', NULL, '昆明', 'c87fabf5-f295-409a-8469-2a19ff1cdd17', NULL, 'SP2', '2021-07-30', 0),
('0a420fed-0bb8-4a1d-b1fe-7d01cbed0b02', '10ail3lo', '北京和发科技有限公司', NULL, '北京', '8686bb30-810c-4369-a9e0-1e49fa99a701', NULL, 'SP2', '2021-07-30', 0),
('0a6dc018-ff09-4f4d-847d-486bfc42e512', '6od4s', '世纪五岳(北京)科技有限公司', NULL, '北京', 'c1fedcf5-9980-45a0-a4ff-80dc3f95cf8a', NULL, 'SP2', '2021-07-30', 0),
('0aba6de2-8e2b-4436-8c68-216c4a7be89c', '8jl45', '广州华资软件技术有限公司', NULL, '广州', '80956dd9-1a3e-4ebe-a0b2-0bf3e49b5b0d', NULL, 'SP2', '2021-07-30', 0),
('0b20470d-5808-4f76-a8c5-d8ba983b2551', 'IPS20190029', '智筑科技(吉林省)有限公司', NULL, '长春', '4f7f680e-1c89-4eac-8d23-c74146881687', NULL, 'SP2', '2021-07-30', 0),
('0b67bfc6-95a6-4101-a37d-bf1b3c700afc', '23il6pkw', '上海浦东华宇信息技术有限公司', NULL, '上海', 'c9dae44d-9090-4976-a476-656b0a50fcc5', NULL, 'SP2', '2021-07-30', 0),
('0c34ae22-7c8b-44df-9291-3689efaf7f04', '6505l', '中铁信弘远(北京)软件科技有限责任公司', NULL, '北京', 'a3807022-a591-4779-b389-f7adf639eaac', NULL, 'SP2', '2021-07-30', 0),
('0c5b3693-adb2-4d2d-ada4-f067b7ed6f01', 'IPS20190071', '深圳全智联科技有限公司', NULL, '深圳', '80956dd9-1a3e-4ebe-a0b2-0bf3e49b5b0d', NULL, 'SP2', '2021-07-30', 0),
('0ca0dd22-9db3-4e54-ac9d-18eab1abe359', 'IPS20200022', '陕西金利电子有限责任公司', NULL, '西安', 'c87fabf5-f295-409a-8469-2a19ff1cdd17', NULL, 'SP2', '2021-07-30', 0),
('0cfaed7f-781f-4b01-89e4-4a1ed852a1b6', '6dv49', '吉林省中天数码科技有限公司', NULL, '吉林', '4f7f680e-1c89-4eac-8d23-c74146881687', NULL, 'SP2', '2021-07-30', 0),
('0d3025b0-f76a-42cf-bf69-19dfd28f3048', 'IPS20180109', '博易智软(北京)技术有限公司', NULL, '北京', '4f7f680e-1c89-4eac-8d23-c74146881687', NULL, 'SP2', '2021-07-30', 0),
('0e9a91ce-7b93-487d-b53d-b779fe2afb5e', 'IPS20200030', '哈尔滨金斗云科技有限公司', NULL, '哈尔滨', '4f7f680e-1c89-4eac-8d23-c74146881687', NULL, 'SP2', '2021-07-30', 0),
('0eea4556-12b6-49bb-9d09-d8b71c2f80bb', 'IPCS20180039', '山东正晨科技股份有限公司', NULL, '济南', 'c1fedcf5-9980-45a0-a4ff-80dc3f95cf8a', NULL, 'SP2', '2021-07-30', 0),
('10e6a954-a9f5-40c7-91bc-eaf19720173d', 'IPS20200099', '上海英迈信息技术服务有限公司', NULL, '上海', 'c9dae44d-9090-4976-a476-656b0a50fcc5', NULL, 'SP2', '2021-07-30', 0),
('11087f27-90b2-4e92-a2e2-e7aa2fd3c975', 'IPS20200029', '上海正网信息技术有限公司', NULL, '上海', 'c9dae44d-9090-4976-a476-656b0a50fcc5', NULL, 'SP2', '2021-07-30', 0),
('112f1383-9dac-4e34-8a97-59e69448f549', '7o560', '北京文思海辉金信软件有限公司', NULL, '北京', 'a1fe4e13-fa17-4737-8672-b04643deae8f', NULL, 'SP2', '2021-07-30', 0),
('118f1697-cd30-4ffa-b0ba-b888c6af67ba', 'IPS20200073', '北京阳光世博科技有限公司', NULL, '北京', 'a1fe4e13-fa17-4737-8672-b04643deae8f', NULL, 'SP2', '2021-07-30', 0),
('12f9e365-6c6a-45ca-8bae-829308be03d2', '18z7gdpp', '北京神州新桥科技有限公司', NULL, '北京', 'c1fedcf5-9980-45a0-a4ff-80dc3f95cf8a', NULL, 'SP2', '2021-07-30', 0),
('130209aa-779e-44ce-b880-a180c7f0eab1', 'IPS20190097', '微诺时代(北京)科技股份有限公司', NULL, '北京', 'c1fedcf5-9980-45a0-a4ff-80dc3f95cf8a', NULL, 'SP2', '2021-07-30', 0),
('13498baa-2bc8-4ef5-9159-3bbe81732508', 'IPS20210011', '山东华鲁信息科技有限公司', NULL, '济南', 'c1fedcf5-9980-45a0-a4ff-80dc3f95cf8a', NULL, 'SP2', '2021-07-30', 0),
('13e18768-4a70-4939-96bf-8264177ae14a', 'IPS20200120', '北京隆茂伦德科技有限公司', NULL, '北京', 'a1fe4e13-fa17-4737-8672-b04643deae8f', NULL, 'SP2', '2021-07-30', 0),
('143185c9-5db4-4126-8fe8-992815f742a6', 'IPCS20180012', '长春市博鸿科技服务有限责任公司', NULL, '长春', '4f7f680e-1c89-4eac-8d23-c74146881687', NULL, 'SP2', '2021-07-30', 0),
('144a97e7-d1c1-4135-98f3-f448a4c30731', '6z639', '江苏中科新瑞科技股份有限公司', NULL, '南京', 'c9dae44d-9090-4976-a476-656b0a50fcc5', NULL, 'SP2', '2021-07-30', 0),
('146a6743-82a4-49ef-9e04-1e7cc87d1662', '90d61', '陕西云思服科技有限责任公司', NULL, '西安', 'c87fabf5-f295-409a-8469-2a19ff1cdd17', NULL, 'SP2', '2021-07-30', 0),
('148c562e-2891-4dd9-bf4c-e899ea11a709', 'IPS20190046', '江西君业科技有限公司', NULL, '南昌', 'c9dae44d-9090-4976-a476-656b0a50fcc5', NULL, 'SP2', '2021-07-30', 0),
('14a71c79-1958-43aa-8370-46582b70ba7b', 'IPS20180079', '甘肃普强网络科技有限公司', NULL, '兰州', 'c87fabf5-f295-409a-8469-2a19ff1cdd17', NULL, 'SP2', '2021-07-30', 0),
('1544dacc-128c-4e41-be09-f4bd47b7e2bd', 'IPCS20180004', '上海竣智信息技术有限公司', NULL, '上海', 'c9dae44d-9090-4976-a476-656b0a50fcc5', NULL, 'SP2', '2021-07-30', 0),
('1598c60e-7d25-4483-b15b-d7c88a35ceb2', '6aiyg', '北京同天科技有限公司', NULL, '北京', '8686bb30-810c-4369-a9e0-1e49fa99a701', NULL, 'SP2', '2021-07-30', 0),
('160d98b0-fdb5-4463-89c4-ff5050990135', 'IPS20200119', '河南通之聚科技有限公司', NULL, '郑州', 'a1fe4e13-fa17-4737-8672-b04643deae8f', NULL, 'SP2', '2021-07-30', 0),
('1614a149-8c32-46a4-b5df-a7986255a466', '9lnzg', '广东赛诺科技股份有限公司', NULL, '佛山', '80956dd9-1a3e-4ebe-a0b2-0bf3e49b5b0d', NULL, 'SP2', '2021-07-30', 0),
('16407766-8058-4882-94a4-4af7d2479ee2', '650vg', '深圳市天锐计算机技术有限公司', NULL, '深圳', '80956dd9-1a3e-4ebe-a0b2-0bf3e49b5b0d', NULL, 'SP2', '2021-07-30', 0),
('16549411-8d0f-49fb-8546-4c0d65addd4a', '5zig6', '北京中科金财科技股份有限公司', NULL, '北京', '8686bb30-810c-4369-a9e0-1e49fa99a701', NULL, 'SP1', '2021-07-30', 0),
('16b2b815-1ab1-486a-8b81-2dd52f4e525c', '6oab8', '北京宏涛嘉业信息系统股份有限公司', NULL, '北京', '8686bb30-810c-4369-a9e0-1e49fa99a701', NULL, 'SP2', '2021-07-30', 0),
('16d91dee-8749-45d0-9465-97cd181647f6', 'IPS20200048', '天问云(北京)云计算有限公司', NULL, '北京', 'a1fe4e13-fa17-4737-8672-b04643deae8f', NULL, 'SP2', '2021-07-30', 0),
('176f8e30-76d7-4ef8-a934-bdb163cbc1ff', 'IPS20190084', '北京网润恒信科技有限公司', NULL, '北京', 'c1fedcf5-9980-45a0-a4ff-80dc3f95cf8a', NULL, 'SP2', '2021-07-30', 0),
('17cfab6a-1759-4134-a681-79f5dc0be1e1', 'IPS20190072', '北京康拓红外技术股份有限公司', NULL, '北京', 'c1fedcf5-9980-45a0-a4ff-80dc3f95cf8a', NULL, 'SP2', '2021-07-30', 0),
('18cc8446-b0c1-4a78-8d02-1b765b6989d0', '9i7hi', '郑州市行者信息科技有限公司', NULL, '郑州', 'a1fe4e13-fa17-4737-8672-b04643deae8f', NULL, 'SP2', '2021-07-30', 0),
('18e81b1f-92c0-45c4-8d42-f51c95a07174', '6ua03', '北京海量数据技术股份有限公司', NULL, '北京', 'a1fe4e13-fa17-4737-8672-b04643deae8f', NULL, 'SP2', '2021-07-30', 0),
('1913d62a-b537-4c7b-a3d2-7faf77d9d61e', '7d6q9', '中通服建设有限公司', NULL, '广州', '80956dd9-1a3e-4ebe-a0b2-0bf3e49b5b0d', NULL, 'SP2', '2021-07-30', 0),
('19263fe8-6975-4a7e-992f-63af0fddfe73', '6dzld', '北京思路信科技发展有限公司', NULL, '北京', 'a1fe4e13-fa17-4737-8672-b04643deae8f', NULL, 'SP2', '2021-07-30', 0),
('1944df08-db71-4f1f-a4d0-e3fea7c6f350', 'IPS20190100', '算筹(深圳)信息科技有限公司', NULL, '深圳', '80956dd9-1a3e-4ebe-a0b2-0bf3e49b5b0d', NULL, 'SP2', '2021-07-30', 0),
('198169f4-a657-4b01-ac48-04b6597fe0dd', 'IPS20190030', '深圳市金证科技股份有限公司', NULL, '深圳', '80956dd9-1a3e-4ebe-a0b2-0bf3e49b5b0d', NULL, 'SP2', '2021-07-30', 0),
('19c9e277-b3f5-4ca8-9bd1-414c2c9c6ea5', 'IPS20190041', '北京旗云恒基科技有限公司', NULL, '北京', 'c1fedcf5-9980-45a0-a4ff-80dc3f95cf8a', NULL, 'SP2', '2021-07-30', 0),
('1a5c1601-1119-42b5-9689-0517c3dc5b02', '700wp', '实域信息技术(上海)有限公司', NULL, '上海', 'c9dae44d-9090-4976-a476-656b0a50fcc5', NULL, 'SP2', '2021-07-30', 0),
('1b64d831-ba4b-42c7-8461-5e5ae137f6f6', 'IPS20180207', '上海互呈信息科技有限公司', NULL, '上海', 'c9dae44d-9090-4976-a476-656b0a50fcc5', NULL, 'SP2', '2021-07-30', 0),
('1c6a5547-b380-4f5b-814e-2681fd8e9521', 'IPCS20180022', '北京德康世纪科技有限公司', NULL, '北京', '4f7f680e-1c89-4eac-8d23-c74146881687', NULL, 'SP2', '2021-07-30', 0),
('1c70a630-cbd2-48f0-bed4-c5d535902109', 'IPS20180184', '中船重工(武汉)凌久高科有限公司', NULL, '武汉', 'c9dae44d-9090-4976-a476-656b0a50fcc5', NULL, 'SP2', '2021-07-30', 0),
('1cbe044b-7ebe-4eba-96c6-e5e65ce0a52d', 'IPS20190033', '广州康天信息科技有限公司', NULL, '广州', '80956dd9-1a3e-4ebe-a0b2-0bf3e49b5b0d', NULL, 'SP2', '2021-07-30', 0),
('1d42c26f-28b6-4827-9cef-01e18a7f9462', '9g1p5', '北京前进先锋科技发展有限公司', NULL, '北京', '8686bb30-810c-4369-a9e0-1e49fa99a701', NULL, 'SP2', '2021-07-30', 0),
('1e4c4c61-3184-4e22-af04-994583cfb5b5', '6knep', '北京东软慧聚信息技术股份有限公司', NULL, '北京', 'a1fe4e13-fa17-4737-8672-b04643deae8f', NULL, 'SP2', '2021-07-30', 0),
('1e72cf91-8520-4529-9343-b51b52ae7160', '2ctnnbud', '上海迈内多计算机科技有限公司', NULL, '上海', 'c9dae44d-9090-4976-a476-656b0a50fcc5', NULL, 'SP2', '2021-07-30', 0),
('1f0ac57a-7a3f-45b1-8e82-6552dc2dbb12', '62183', '广州必诺数码科技有限公司', NULL, '广州', '80956dd9-1a3e-4ebe-a0b2-0bf3e49b5b0d', NULL, 'SP2', '2021-07-30', 0),
('1f5ce74e-c71c-44b8-bdd7-009553d8d665', '239yjvff', '南宁市洛泽科技有限公司', NULL, '南宁', '80956dd9-1a3e-4ebe-a0b2-0bf3e49b5b0d', NULL, 'SP2', '2021-07-30', 0),
('1f67615a-091d-4df2-9666-722729e3e685', '90ncv', '江西汇天科技信息产品有限公司', NULL, '南昌', 'c9dae44d-9090-4976-a476-656b0a50fcc5', NULL, 'SP2', '2021-07-30', 0),
('1f6cd619-8c9e-42cd-acfc-6e91d9a672ec', 'IPS20180150', '中夏科技(深圳)有限公司', NULL, '深圳', '80956dd9-1a3e-4ebe-a0b2-0bf3e49b5b0d', NULL, 'SP2', '2021-07-30', 0),
('2088bdd5-cd4a-4dcd-af98-deca5df5c761', '18z7gcu6', '深圳市河汉计算机有限公司', NULL, '深圳', '80956dd9-1a3e-4ebe-a0b2-0bf3e49b5b0d', NULL, 'SP2', '2021-07-30', 0),
('20eb20b0-aa2b-4f13-9102-4d0ad5e197d8', 'IPCS20180033', '陕西北佳信息技术有限责任公司', NULL, '西安', 'c87fabf5-f295-409a-8469-2a19ff1cdd17', NULL, 'SP2', '2021-07-30', 0),
('2117c843-1764-47c9-8dba-00fdadaf8813', 'IPS20200049', '北京龙翔网络安全技术有限公司', NULL, '北京', 'a1fe4e13-fa17-4737-8672-b04643deae8f', NULL, 'SP2', '2021-07-30', 0),
('2173fb57-d003-49c2-a9bc-452b1d5643b8', 'IPS20190099', '南京屹瑞信息技术有限公司', NULL, '南京', 'c9dae44d-9090-4976-a476-656b0a50fcc5', NULL, 'SP2', '2021-07-30', 0),
('22545dc9-6611-47e0-8759-a78af5e5097c', 'IPS20190010', '北京宏链科技有限公司', NULL, '北京', '4f7f680e-1c89-4eac-8d23-c74146881687', NULL, 'SP2', '2021-07-30', 0),
('22fe380d-088d-41a4-a35e-e2c5e28ed03d', 'IPCS20180075', '柏睿数据科技(北京)有限公司', NULL, '北京', 'a1fe4e13-fa17-4737-8672-b04643deae8f', NULL, 'SP2', '2021-07-30', 0),
('233541f6-db98-4f44-8bc8-28aa9396140b', 'IPS20200065', '河南省仁鼎电子科技有限公司', NULL, '郑州', 'a1fe4e13-fa17-4737-8672-b04643deae8f', NULL, 'SP2', '2021-07-30', 0),
('239eaaf1-4886-4177-9bd4-7cbaf3669ac9', '9ehhp', '北京西加云网科技有限公司', NULL, '北京', '8686bb30-810c-4369-a9e0-1e49fa99a701', NULL, 'SP2', '2021-07-30', 0),
('23c9eaed-03b8-4ba9-a72d-a04a3dff355d', 'IPS20190067', '武汉索雅信息技术有限公司', NULL, '武汉', 'c9dae44d-9090-4976-a476-656b0a50fcc5', NULL, 'SP2', '2021-07-30', 0),
('24e8a13f-cb17-4119-8255-cc6633bed74a', 'IPS20180161', '广州新科佳都科技有限公司', NULL, '广州', '80956dd9-1a3e-4ebe-a0b2-0bf3e49b5b0d', NULL, 'SP2', '2021-07-30', 0),
('2506a792-6f11-4a2b-8c94-596b43f571fb', 'IPS20190017', '深圳市长城网信息科技股份有限公司', NULL, '深圳', '80956dd9-1a3e-4ebe-a0b2-0bf3e49b5b0d', NULL, 'SP2', '2021-07-30', 0),
('27416e86-0860-4482-b7d5-50761e4886d4', '88sut', '深圳市华成峰科技有限公司', NULL, '深圳', '755ca8e8-48d9-40eb-877e-d379de0de7a2', NULL, '总代', '2021-07-30', 0),
('2774f765-a52d-4a32-927a-230147c77697', 'IPS20190047', '北京蓝隅信息技术有限公司', NULL, '北京', '8686bb30-810c-4369-a9e0-1e49fa99a701', NULL, 'SP2', '2021-07-30', 0),
('278c069d-a038-4889-b948-4c8101b2edc0', 'IPS20180154', '广州广电运通信息科技有限公司', NULL, '广州', '80956dd9-1a3e-4ebe-a0b2-0bf3e49b5b0d', NULL, 'SP2', '2021-07-30', 0),
('27c3b65e-82ee-42b2-b44c-4bb9b25d5a8e', 'IPS20200034', '广州云路信息科技有限公司', NULL, '广州', '80956dd9-1a3e-4ebe-a0b2-0bf3e49b5b0d', NULL, 'SP2', '2021-07-30', 0),
('28a3f244-fd2d-4a3b-881e-28558bbf8584', 'ztzg9dt', '石化盈科信息技术有限责任公司', NULL, '北京', '8686bb30-810c-4369-a9e0-1e49fa99a701', NULL, 'SP2', '2021-07-30', 0),
('28e1323b-5ee5-40e6-b6b1-c31a5d2cd227', 'IPS', '方案与测试部', 'Program and test departments', '北京', '0b8f0da5-873b-4ada-a025-2fa6c626a2af', NULL, '内部-部门', '2021-07-30', 0),
('2a21bdc0-18eb-4479-9c5d-0c5a49da250b', 'IPS20180110', '北京荣安信科科技有限公司', NULL, '北京', '4f7f680e-1c89-4eac-8d23-c74146881687', NULL, 'SP2', '2021-07-30', 0),
('2a529d7c-24c7-4a2f-9af5-ba74067c5adb', '10ail431', '高伟达软件股份有限公司', NULL, '北京', '8686bb30-810c-4369-a9e0-1e49fa99a701', NULL, 'SP1', '2021-07-30', 0),
('2df91dcf-1e07-44a4-9ebd-2b6177b6a2cc', 'IPCS20180077', '北京迎福时代数码科技有限公司', NULL, '北京', 'a1fe4e13-fa17-4737-8672-b04643deae8f', NULL, 'SP2', '2021-07-30', 0),
('2dff6d98-a327-46a5-b370-39455647b621', 'IPS20190111', '山东金茂达信息科技有限公司', NULL, '德州', 'c1fedcf5-9980-45a0-a4ff-80dc3f95cf8a', NULL, 'SP2', '2021-07-30', 0),
('2ea03dc1-0b83-4ca4-88c7-e89aa3bf07ea', '88zv4', '山东锐炬软件有限公司', NULL, '济南', 'c1fedcf5-9980-45a0-a4ff-80dc3f95cf8a', NULL, 'SP2', '2021-07-30', 0),
('2ed491b6-7312-4e76-a02b-fed141b681c6', 'IPS20200091', '宏景科技股份有限公司', NULL, '广州', '80956dd9-1a3e-4ebe-a0b2-0bf3e49b5b0d', NULL, 'SP2', '2021-07-30', 0),
('2edcb9d0-9923-4a07-aec6-aed7e6c0f23c', 'IPS20200076', '山东迪檬信息科技有限公司', NULL, '聊城', 'c1fedcf5-9980-45a0-a4ff-80dc3f95cf8a', NULL, 'SP2', '2021-07-30', 0),
('2ee13780-eb6c-461c-b8f5-5a757554a48f', 'IPS20210010', '佳融盛业(北京)科技有限公司', NULL, '北京', '8686bb30-810c-4369-a9e0-1e49fa99a701', NULL, 'SP2', '2021-07-30', 0),
('2ef4b592-eded-4568-9029-e2947d8032ee', 'IPS20180122', '安徽铭大云信息科技有限公司', NULL, '合肥', 'c9dae44d-9090-4976-a476-656b0a50fcc5', NULL, 'SP2', '2021-07-30', 0),
('2ef7ad1e-1156-4406-af0d-ebd4427bb537', 'IPS20200001', '北京快销科技有限公司', NULL, '北京', 'a1fe4e13-fa17-4737-8672-b04643deae8f', NULL, 'SP2', '2021-07-30', 0),
('2f439c1d-5343-4655-a866-b8c69ec94f01', 'IPS20200081', '北京天润新禾信息技术有限公司', NULL, '北京', '4f7f680e-1c89-4eac-8d23-c74146881687', NULL, 'SP2', '2021-07-30', 0),
('2f49f90d-b119-47bd-9e67-c018eda62f23', 'IPS20190089', '北京普锐全球科技发展有限公司', NULL, '北京', 'c1fedcf5-9980-45a0-a4ff-80dc3f95cf8a', NULL, 'SP2', '2021-07-30', 0),
('2faaefb0-493c-4074-863d-495770c81dda', 'IPS20200046', '吉林省兴丰大数据有限公司', NULL, '长春', '4f7f680e-1c89-4eac-8d23-c74146881687', NULL, 'SP2', '2021-07-30', 0),
('2fdc9f4a-ddf1-41b9-a324-ee083bc54ba4', 'IPS20210005', '浙江隐航新能源科技有限公司', NULL, '杭州', 'c9dae44d-9090-4976-a476-656b0a50fcc5', NULL, 'SP2', '2021-07-30', 0),
('300cf386-e588-4a34-b7f0-8fae3f3de168', 'IPS20200118', '青岛赢彩恒业商贸有限公司', NULL, '青岛', 'c1fedcf5-9980-45a0-a4ff-80dc3f95cf8a', NULL, 'SP2', '2021-07-30', 0),
('30353b24-e0fd-4e93-bedd-2c690646f3b9', 'IPS20190068', '北京轩合飞网络科技有限公司', NULL, '北京', 'c1fedcf5-9980-45a0-a4ff-80dc3f95cf8a', NULL, 'SP2', '2021-07-30', 0),
('30648137-c765-462c-85a9-b8b71967c4ac', 'IPS20200010', '山西太电四方通信技术有限公司', NULL, '太原', '8686bb30-810c-4369-a9e0-1e49fa99a701', NULL, 'SP2', '2021-07-30', 0),
('3092507f-0068-45f1-ad9a-dfa84a15b661', 'IPS20200053', '北京蓝耘企服科技有限公司', NULL, '北京', 'a1fe4e13-fa17-4737-8672-b04643deae8f', NULL, 'SP2', '2021-07-30', 0),
('30fdac31-b445-4fe8-bb4e-233c8ef66a73', 'IPS20180137', '北京天港惠达科技有限公司', NULL, '北京', '8686bb30-810c-4369-a9e0-1e49fa99a701', NULL, 'SP2', '2021-07-30', 0),
('311f270e-eaed-4ef2-95a4-78be41aed5cb', 'zu28er3', '云南华东电脑科技有限公司', NULL, '昆明', 'c87fabf5-f295-409a-8469-2a19ff1cdd17', NULL, 'SP2', '2021-07-30', 0),
('312301db-c23b-43fb-a0ca-875f8c555c98', 'IPS', '服务与实施部', 'Service and implementation Department', '北京', '0b8f0da5-873b-4ada-a025-2fa6c626a2af', NULL, '内部-部门', '2021-07-30', 0),
('31465123-c72f-4074-85aa-f026512143df', 'IPS20190077', '北京虹信万达科技有限公司', NULL, '北京', '8686bb30-810c-4369-a9e0-1e49fa99a701', NULL, 'SP2', '2021-07-30', 0),
('31b7df8c-3533-4045-a2d8-8697a016315a', '2ctnb1q0', '新疆惠文网络信息技术有限公司', NULL, '乌鲁木齐', 'c87fabf5-f295-409a-8469-2a19ff1cdd17', NULL, 'SP2', '2021-07-30', 0),
('320eabbc-7050-44ab-bba1-20e276d7b818', 'IPS20180084', '山西世纪创想电子有限公司', NULL, '太原', '8686bb30-810c-4369-a9e0-1e49fa99a701', NULL, 'SP2', '2021-07-30', 0),
('3379cf91-489e-451c-ad5f-7b317f5d6c26', 'IPCS20180048', '西安瑞蓝创软件科技有限公司', NULL, '西安', 'c87fabf5-f295-409a-8469-2a19ff1cdd17', NULL, 'SP2', '2021-07-30', 0),
('346113eb-8741-4ab5-87b4-1dc2ff9c27eb', '8du99', '上海鑫湛信息科技有限公司', NULL, '上海', 'c9dae44d-9090-4976-a476-656b0a50fcc5', NULL, 'SP2', '2021-07-30', 0),
('348e3779-832f-4113-9d9e-17e6636e9248', '1ytwdz52', '北京东晨联创科技股份有限公司', NULL, '北京', '8686bb30-810c-4369-a9e0-1e49fa99a701', NULL, 'SP2', '2021-07-30', 0),
('34a786dc-9bab-43c6-b0d6-4231f66d3941', '1ytwa698', '北京英孚泰克信息技术股份有限公司', NULL, '北京', '8686bb30-810c-4369-a9e0-1e49fa99a701', NULL, 'SP2', '2021-07-30', 0),
('35426687-758d-449d-bdd6-dee3429e0147', '6xrvs', '北京东华合创科技有限公司', NULL, '北京', 'a1fe4e13-fa17-4737-8672-b04643deae8f', NULL, 'SP2', '2021-07-30', 0),
('35736555-c2a0-4de9-938f-31168fea7fd6', 'IPS20180080', '北京元亿科技服务有限公司', NULL, '北京', 'a3807022-a591-4779-b389-f7adf639eaac', NULL, '总代', '2021-07-30', 0),
('35cb9f48-f026-40c0-91bb-11bbd66bae73', '18z7gem3', '北京中软巨人科技有限公司', NULL, '北京', '8686bb30-810c-4369-a9e0-1e49fa99a701', NULL, 'SP2', '2021-07-30', 0),
('35d7be9c-60aa-4193-a7d3-f3d11f92923c', 'IPS20200116', '深圳市瑞之泽信息技术有限公司', NULL, '深圳', '80956dd9-1a3e-4ebe-a0b2-0bf3e49b5b0d', NULL, 'SP2', '2021-07-30', 0),
('363c3d6a-8f7a-4b3c-8180-19a36c150a39', 'IPS20190087', '山西衢浩信息技术有限公司', NULL, '太原', '8686bb30-810c-4369-a9e0-1e49fa99a701', NULL, 'SP2', '2021-07-30', 0),
('36409460-b409-494d-98ae-cd8a318152f1', 'ztze6v9', '北京环亚时代信息技术有限公司', NULL, '北京', '8686bb30-810c-4369-a9e0-1e49fa99a701', NULL, 'SP2', '2021-07-30', 0),
('364cd3c1-f46c-4239-8593-0ec3fe283cda', 'IPCS20180069', '北京华毅软件有限公司', NULL, '北京', 'a1fe4e13-fa17-4737-8672-b04643deae8f', NULL, 'SP2', '2021-07-30', 0),
('37c3dcd2-33de-49d8-b978-1b3fa36857e8', '8vcjc', '北京优炫软件股份有限公司', NULL, '北京', '4f7f680e-1c89-4eac-8d23-c74146881687', NULL, 'SP2', '2021-07-30', 0),
('37ffd8a7-2e5d-4f8e-8ddc-956f5b5d0f85', '6sd73', '甘肃海润信息技术有限公司', NULL, '兰州', 'c87fabf5-f295-409a-8469-2a19ff1cdd17', NULL, 'SP2', '2021-07-30', 0),
('3803d01c-b41e-42e0-82df-2411c8bf8ca6', 'IPS20200032', '天津爱斯通科技有限公司', NULL, '天津', '8686bb30-810c-4369-a9e0-1e49fa99a701', NULL, 'SP2', '2021-07-30', 0),
('3953174f-5f86-431a-ab04-03c98df18d42', '10ail3n3', '北京瑞宝赛博技术有限公司', NULL, '北京', 'c1fedcf5-9980-45a0-a4ff-80dc3f95cf8a', NULL, 'SP2', '2021-07-30', 0),
('39cca4c8-3b5d-4303-a360-af4bda1eebaa', '78ut0', '北京天杰腾科贸有限公司', NULL, '北京', 'c1fedcf5-9980-45a0-a4ff-80dc3f95cf8a', NULL, 'SP2', '2021-07-30', 0),
('3a174976-c890-4d1b-9f39-b047178aabed', 'IPS20180118', '福州亚太科技有限公司', NULL, '福州', '80956dd9-1a3e-4ebe-a0b2-0bf3e49b5b0d', NULL, 'SP2', '2021-07-30', 0),
('3b5275a8-c6d1-48e3-98ef-cc41b23cc8eb', '6zv29', '杭州古得电子有限公司', NULL, '杭州', 'c9dae44d-9090-4976-a476-656b0a50fcc5', NULL, 'SP2', '2021-07-30', 0),
('3b984499-ccb3-4541-9558-db8d8b0e8688', 'IPS20210012', '擎昊国际贸易(上海)有限公司', NULL, '上海', 'c9dae44d-9090-4976-a476-656b0a50fcc5', NULL, 'SP2', '2021-07-30', 0),
('3ba1a935-f7c3-4a5b-b8cf-56948d1f852a', '9b60v', '南京宝合信息科技有限公司', NULL, '南京', 'c9dae44d-9090-4976-a476-656b0a50fcc5', NULL, 'SP2', '2021-07-30', 0),
('3bd2236a-30d1-4dc3-aa2d-cea18bd15906', 'IPS20200014', '河北智讯科技有限公司', NULL, '唐山', 'a1fe4e13-fa17-4737-8672-b04643deae8f', NULL, 'SP2', '2021-07-30', 0),
('3bfea48d-6db9-42b6-b3a4-3d79e0a3ed4c', 'IPS20200023', '北京冀银科技有限公司', NULL, '北京', 'a1fe4e13-fa17-4737-8672-b04643deae8f', NULL, 'SP2', '2021-07-30', 0),
('3c20e1af-9f87-4bb3-867c-abc024f64c9f', 'IPS20200106', '安徽英福泰克信息科技有限公司', NULL, '合肥', 'c9dae44d-9090-4976-a476-656b0a50fcc5', NULL, 'SP2', '2021-07-30', 0),
('3ce7de59-6440-4706-94e8-cfd4d104904c', 'IPCS20180046', '湖北福鑫科创信息技术有限公司', NULL, '武汉', 'c9dae44d-9090-4976-a476-656b0a50fcc5', NULL, 'SP2', '2021-07-30', 0),
('3d12a7d4-9102-4516-9687-494abcef7d39', 'IPS20190036', '安徽和信科技发展有限责任公司', NULL, '合肥', 'c9dae44d-9090-4976-a476-656b0a50fcc5', NULL, 'SP2', '2021-07-30', 0),
('3d3d2303-69ae-4034-836b-c6641db832ff', '25i7sxhy', '山东华鲁科技发展股份有限公司', NULL, '济南', 'c1fedcf5-9980-45a0-a4ff-80dc3f95cf8a', NULL, 'SP2', '2021-07-30', 0),
('3d7ff013-1ca3-46ad-a753-81da0f7f569e', 'IPS20190070', '辽宁中冶云科科技有限公司', NULL, '鞍山', '4f7f680e-1c89-4eac-8d23-c74146881687', NULL, 'SP2', '2021-07-30', 0),
('3e5ba934-ddde-4b7a-a34c-13c12e0984fb', '18z7gddp', '上海中软华腾软件系统有限公司', NULL, '上海', 'c9dae44d-9090-4976-a476-656b0a50fcc5', NULL, 'SP2', '2021-07-30', 0),
('3e7ef192-d477-436c-97a7-f1fbb40b272f', '735a9', '北京恒信通诚科技有限公司', NULL, '北京', '8686bb30-810c-4369-a9e0-1e49fa99a701', NULL, 'SP2', '2021-07-30', 0),
('3eb2b3a7-9536-4d18-947c-d5a685efaa34', 'IPS20190079', '上海开赟软件服务有限公司', NULL, '上海', 'c9dae44d-9090-4976-a476-656b0a50fcc5', NULL, 'SP2', '2021-07-30', 0),
('3eb605e7-96f5-4c0a-83ad-971cbaaed623', 'IPS20210003', '陕西佰思得信息科技有限公司', NULL, '西安', 'c87fabf5-f295-409a-8469-2a19ff1cdd17', NULL, 'SP2', '2021-07-30', 0),
('3f1a716c-25be-4ac5-973c-9149349f1c7e', '7ln3n', '深圳市耀泰明德科技有限公司', NULL, '深圳', '80956dd9-1a3e-4ebe-a0b2-0bf3e49b5b0d', NULL, 'SP2', '2021-07-30', 0),
('3f4a625b-e3b9-4dc9-81c6-039549dc187d', 'IPS20200085', '上海云思智慧信息技术有限公司', NULL, '上海', 'c9dae44d-9090-4976-a476-656b0a50fcc5', NULL, 'SP2', '2021-07-30', 0),
('3fcee4f0-86c8-4a4f-a855-ffa4537bc221', 'IPS20190043', '山东微尚云数据服务有限公司', NULL, '济南', 'c1fedcf5-9980-45a0-a4ff-80dc3f95cf8a', NULL, 'SP2', '2021-07-30', 0),
('4099bce0-4583-4a89-ae62-f6a95d7374b0', '9boq8', '大唐融合通信股份有限公司', NULL, '北京', '8686bb30-810c-4369-a9e0-1e49fa99a701', NULL, 'SP2', '2021-07-30', 0),
('40a11b28-597a-418b-bca2-dee264d33d51', '23zvwevv', '杭州新拓信息技术有限公司', NULL, '杭州', 'c9dae44d-9090-4976-a476-656b0a50fcc5', NULL, 'SP2', '2021-07-30', 0),
('40a9869f-51d0-4db6-9ea1-5e8ebf5f6f57', '915ln', '北京网安捷通科技发展有限公司', NULL, '北京', 'c1fedcf5-9980-45a0-a4ff-80dc3f95cf8a', NULL, 'SP2', '2021-07-30', 0),
('40ddfa16-f51c-4059-82a3-3f497669145b', 'IPS20200101', '北京快鱼电子股份公司', NULL, '北京', 'a1fe4e13-fa17-4737-8672-b04643deae8f', NULL, 'SP2', '2021-07-30', 0),
('4127e37b-16b0-4c20-8c1f-54b5344cedcb', '213eew', '123', 'qtr', '北京', NULL, NULL, 'SP2', '2021-08-03', 1),
('4193b4b9-173e-4bef-8eb2-0a05c9c7ce32', '18z7gcyn', '深圳市紫金支点技术股份有限公司', NULL, '深圳', '80956dd9-1a3e-4ebe-a0b2-0bf3e49b5b0d', NULL, 'SP2', '2021-07-30', 0),
('41ad0e53-a791-4db4-8ecb-20f8150d9dc3', '23il73td', '北京吉安通正科技发展有限公司', NULL, '北京', 'a1fe4e13-fa17-4737-8672-b04643deae8f', NULL, 'SP2', '2021-07-30', 0),
('41dc405f-5ea8-4900-8a73-b622993c7ba9', '7ugcx', '上海祺冠系统集成有限公司', NULL, '上海', 'c9dae44d-9090-4976-a476-656b0a50fcc5', NULL, 'SP2', '2021-07-30', 0),
('41df637a-0905-4c4f-9d14-39709f9a992f', '1dyer2vc', '广东丰德科技有限公司', NULL, '广州', '80956dd9-1a3e-4ebe-a0b2-0bf3e49b5b0d', NULL, 'SP2', '2021-07-30', 0),
('420a044f-6e95-49b7-a30b-8321b7ab5e2e', '6KIIS', '四川东久科技股份有限公司', NULL, '成都', 'c87fabf5-f295-409a-8469-2a19ff1cdd17', NULL, 'SP2', '2021-07-30', 0),
('421e3eb7-b651-4c73-ab60-8bbe1d749193', 'IPS20180101', '武汉联众云网信息科技有限公司', NULL, '武汉', 'c9dae44d-9090-4976-a476-656b0a50fcc5', NULL, 'SP2', '2021-07-30', 0),
('42e21461-a0d0-4751-b4ea-ea948151f4ab', 'IPS20180199', '上海元亿国际贸易有限公司', NULL, '上海', 'c9dae44d-9090-4976-a476-656b0a50fcc5', NULL, 'SP2', '2021-07-30', 0),
('432e7777-5503-443e-93e1-9cb965495226', '10ais58c', '北京嘉运达科技开发股份有限公司', NULL, '北京', '4f7f680e-1c89-4eac-8d23-c74146881687', NULL, 'SP2', '2021-07-30', 0),
('43b15b7a-09ce-4052-bfec-913e6cd53371', 'IPS20200083', '北京中祥致远科技发展有限公司', NULL, '北京', '8686bb30-810c-4369-a9e0-1e49fa99a701', NULL, 'SP2', '2021-07-30', 0),
('44606c4e-fc7e-4b82-b6b2-ed4bbec54b2d', 'IPS', '浪潮商用机器有限公司', 'Inspur Power Commercial Systems Co., Ltd.', '北京', '0b8f0da5-873b-4ada-a025-2fa6c626a2af', NULL, '内部', '2021-07-30', 0),
('44f75bc0-ffe2-4bee-9775-915e0b09022a', 'IPS20200123', '北京富海万通科技有限公司', NULL, '北京', '8686bb30-810c-4369-a9e0-1e49fa99a701', NULL, 'SP2', '2021-07-30', 0),
('4561e5d5-2ac3-4a01-8250-1a64d230d923', 'IPS20200044', '京瓷信息系统(上海)有限公司', NULL, '上海', 'c9dae44d-9090-4976-a476-656b0a50fcc5', NULL, 'SP2', '2021-07-30', 0),
('457cdab9-0680-447a-9ccc-69fd7eb1639f', '1dyer2o6', '盟立自动化科技(上海)有限公司', NULL, '上海', 'c9dae44d-9090-4976-a476-656b0a50fcc5', NULL, 'SP2', '2021-07-30', 0),
('45fdd840-aef7-45c4-b391-3fd6c97df2eb', 'IPCS20180037', '西安安托电脑网络系统集成有限公司', NULL, '西安', 'c87fabf5-f295-409a-8469-2a19ff1cdd17', NULL, 'SP2', '2021-07-30', 0),
('468a5902-1fb9-4e2f-a612-3697372740ee', 'IPS20190106', '盛云科技有限公司', NULL, '昆明', 'c87fabf5-f295-409a-8469-2a19ff1cdd17', NULL, 'SP2', '2021-07-30', 0),
('470b826a-7545-4ac9-b438-dd8ab0d672f4', 'IPCS20180003', '北京华创方舟科技股份有限公司', NULL, '北京', 'a1fe4e13-fa17-4737-8672-b04643deae8f', NULL, 'SP2', '2021-07-30', 0),
('47911563-6a7a-4231-8c04-4e7768f8eafe', '1ytwfcin', '北京正群欣世信息技术有限公司', NULL, '北京', 'a1fe4e13-fa17-4737-8672-b04643deae8f', NULL, 'SP2', '2021-07-30', 0),
('480ec580-b4d4-49c6-8f71-0092ecf55c26', '8rp1r', '北京阳光博远科技发展有限公司', NULL, '北京', 'a1fe4e13-fa17-4737-8672-b04643deae8f', NULL, 'SP2', '2021-07-30', 0),
('483d86e5-71e1-4134-88ef-42fff9ae4774', '66tcn', '天津市中环系统工程有限责任公司', NULL, '天津', '8686bb30-810c-4369-a9e0-1e49fa99a701', NULL, 'SP2', '2021-07-30', 0),
('48a5dd9e-ddb2-4890-aea6-7654fb860f71', 'IPS20190115', '北京鑫裕富华科技有限公司', NULL, '北京', 'c1fedcf5-9980-45a0-a4ff-80dc3f95cf8a', NULL, 'SP2', '2021-07-30', 0),
('48d420c3-707c-4e3c-acfc-4cd62d0507a6', '6y4xg', '西安富程通用电器设备有限公司', NULL, '西安', 'c87fabf5-f295-409a-8469-2a19ff1cdd17', NULL, 'SP2', '2021-07-30', 0),
('4924222f-c0a0-45d6-8e36-0b86fc45f413', 'IPS20180201', '北京万佳信科技有限公司', NULL, '北京', '4f7f680e-1c89-4eac-8d23-c74146881687', NULL, 'SP2', '2021-07-30', 0),
('49ccbb68-93dc-462b-9b41-c416536bf053', '5zihn', '黑龙江惠诚嘉业科技发展有限公司', NULL, '哈尔滨', '4f7f680e-1c89-4eac-8d23-c74146881687', NULL, 'SP2', '2021-07-30', 0),
('49d5f49b-8be7-43b1-871d-6860c8cfffb8', 'IPCS20180005', '北京朗天利达科技有限公司', NULL, '北京', 'a1fe4e13-fa17-4737-8672-b04643deae8f', NULL, 'SP2', '2021-07-30', 0),
('4aa42dcd-cab1-4e5c-ac21-3dc6e579a91e', 'ztzltxz', '华存数据信息技术有限公司', NULL, '上海', 'c9dae44d-9090-4976-a476-656b0a50fcc5', NULL, 'SP2', '2021-07-30', 0),
('4ab37f2b-34a3-43f2-a197-5fdd657a9795', '69k88', '成都思瑞奇信息产业有限公司', NULL, '成都', 'c87fabf5-f295-409a-8469-2a19ff1cdd17', NULL, 'SP2', '2021-07-30', 0),
('4ae99448-20ba-4e3b-a125-820926cc6444', '8a2cv', '北京北方怡合信息技术有限公司', NULL, '北京', 'c1fedcf5-9980-45a0-a4ff-80dc3f95cf8a', NULL, 'SP2', '2021-07-30', 0),
('4b4941b5-e786-4587-800a-0fa50c2842d9', '18z7gct3', '江苏开拓信息与系统有限公司', NULL, '南京', 'c9dae44d-9090-4976-a476-656b0a50fcc5', NULL, 'SP2', '2021-07-30', 0),
('4c38ca3c-7657-4690-b0c6-ad046ff85ff4', 'IPS20190034', '平安科技(深圳)有限公司', NULL, '深圳', '80956dd9-1a3e-4ebe-a0b2-0bf3e49b5b0d', NULL, 'SP2', '2021-07-30', 0),
('4c5f13c4-0232-45c4-af48-8f30a2d7a3a7', 'IPS20210008', '上海世磐科技有限公司', NULL, '上海', 'c9dae44d-9090-4976-a476-656b0a50fcc5', NULL, 'SP2', '2021-07-30', 0),
('4cd37a32-bfb8-4669-afea-65d1117b2745', 'IPS20190098', '兰州大方电子有限责任公司', NULL, '兰州', 'c87fabf5-f295-409a-8469-2a19ff1cdd17', NULL, 'SP2', '2021-07-30', 0),
('4d36f80f-7dbd-4d48-afa4-2e2b694d1ce7', '8uq56', '建投数据科技股份有限公司', NULL, '北京', 'a1fe4e13-fa17-4737-8672-b04643deae8f', NULL, 'SP2', '2021-07-30', 0),
('4d3d10dd-f6c9-434c-ab25-aa8eba81f4b8', 'IPS20190049', '广州市鸿建信息科技有限公司', NULL, '广州', '80956dd9-1a3e-4ebe-a0b2-0bf3e49b5b0d', NULL, 'SP2', '2021-07-30', 0),
('4d414489-22ac-473b-af97-5afff8aa0ea5', 'IPS20180178', '黑龙江协成科技有限公司', NULL, '哈尔滨', '4f7f680e-1c89-4eac-8d23-c74146881687', NULL, 'SP2', '2021-07-30', 0),
('4d9f6c62-f8b9-4abd-bb38-9360aedf0f63', 'IPS20200008', '北京中电拓方科技股份有限公司', NULL, '北京', '4f7f680e-1c89-4eac-8d23-c74146881687', NULL, 'SP2', '2021-07-30', 0),
('4de199a7-17e0-446f-abd2-c66e35e88bb3', 'IPS20180167', '河北奥尚信息技术有限公司', NULL, '石家庄', 'a1fe4e13-fa17-4737-8672-b04643deae8f', NULL, 'SP2', '2021-07-30', 0),
('4df7cd39-d384-48d2-8d0c-4af73f3239fd', '7kdya', '陕西合创翼联网络技术服务有限公司', NULL, '西安', 'c87fabf5-f295-409a-8469-2a19ff1cdd17', NULL, 'SP2', '2021-07-30', 0),
('4dfde8b4-6dcb-40a6-a76c-5e99d1d8dc85', '10aiusqc', '北京润成恒信科技有限公司', NULL, '北京', 'a1fe4e13-fa17-4737-8672-b04643deae8f', NULL, 'SP2', '2021-07-30', 0),
('4e191854-6b37-4298-ba34-246f133725cb', 'IPCS20180081', '北京可利邦信息技术有限公司', NULL, '北京', '4f7f680e-1c89-4eac-8d23-c74146881687', NULL, 'SP2', '2021-07-30', 0),
('4e80e318-c564-4ee5-865e-001e4565009d', 'IPS20180126', '广州集康信息科技有限公司', NULL, '广州', '80956dd9-1a3e-4ebe-a0b2-0bf3e49b5b0d', NULL, 'SP2', '2021-07-30', 0),
('4eb9e60a-9b71-4df0-b257-1ea3c43e7772', 'IPS20200089', '中建材信云智联科技有限公司', NULL, '北京', 'a1fe4e13-fa17-4737-8672-b04643deae8f', NULL, 'SP2', '2021-07-30', 0),
('4ebe95d5-352a-445a-b115-90aa7e5f41a2', '18z7gsqw', '中科软科技股份有限公司', NULL, '北京', 'c1fedcf5-9980-45a0-a4ff-80dc3f95cf8a', NULL, 'SP2', '2021-07-30', 0),
('4ee3c97d-3502-45d1-adb4-3e6ebb2aceb5', '650z5', '广州中铁信息工程有限公司', NULL, '广州', '80956dd9-1a3e-4ebe-a0b2-0bf3e49b5b0d', NULL, 'SP2', '2021-07-30', 0),
('4f01fb23-6b2b-498e-b82d-90f75af027d0', '10aiqhay', '云南南天电子信息产业股份有限公司', NULL, '昆明', '80956dd9-1a3e-4ebe-a0b2-0bf3e49b5b0d', NULL, 'SP1', '2021-07-30', 0),
('4f113cfc-c434-4e5f-aaf1-bca594286575', '7gw87', '富通科技(香港)有限公司', NULL, '北京', 'a1fe4e13-fa17-4737-8672-b04643deae8f', NULL, 'SP2', '2021-07-30', 0),
('4f243256-4a3d-4037-978a-05c8b3dea935', 'IPS20180139', '厦门领航立华科技有限公司', NULL, '厦门', '80956dd9-1a3e-4ebe-a0b2-0bf3e49b5b0d', NULL, 'SP2', '2021-07-30', 0),
('4f636694-2895-4934-8f0e-dc4432a4a156', 'IPS20180176', '广州研森互联科技有限公司', NULL, '广州', '80956dd9-1a3e-4ebe-a0b2-0bf3e49b5b0d', NULL, 'SP2', '2021-07-30', 0),
('4fb912fb-dce2-4218-98e0-7ef2c2bf790f', 'ztzeaxi', '深圳市雁联计算系统有限公司', NULL, '深圳', '80956dd9-1a3e-4ebe-a0b2-0bf3e49b5b0d', NULL, 'SP2', '2021-07-30', 0),
('5024055f-ab38-47c2-ac5c-536458dffa75', 'IPS20180100', '内蒙古巨鹏电子科技开发有限公司', NULL, '呼和浩特', '8686bb30-810c-4369-a9e0-1e49fa99a701', NULL, 'SP2', '2021-07-30', 0),
('51170dc4-6ee8-4980-8e14-97550e85d38f', 'IPS20200084', '北京宇佑升辉科技有限公司', NULL, '北京', 'a1fe4e13-fa17-4737-8672-b04643deae8f', NULL, 'SP2', '2021-07-30', 0),
('51625221-55dc-4661-b5b8-95fe444a07fc', 'ztzg5d5', '长威信息科技发展股份有限公司', NULL, '福州', '80956dd9-1a3e-4ebe-a0b2-0bf3e49b5b0d', NULL, 'SP2', '2021-07-30', 0),
('52d25343-788d-474e-bc91-862f1f8f4406', 'IPS20200121', '浙江鑫众达科技有限公司', NULL, '杭州', 'c9dae44d-9090-4976-a476-656b0a50fcc5', NULL, 'SP2', '2021-07-30', 0),
('52eab1a9-d3fe-4466-a1b1-76f8ca1d5ec8', '10ailtaz', '东华软件股份公司', NULL, '北京', 'a3807022-a591-4779-b389-f7adf639eaac', NULL, 'SP1', '2021-07-30', 0),
('52f3d161-2a40-4a18-ba3b-f50875072e3c', 'ztzfnz3', '方正国际软件(北京)有限公司', NULL, '北京', '8686bb30-810c-4369-a9e0-1e49fa99a701', NULL, 'SP2', '2021-07-30', 0),
('52fb8f9c-67ed-41ab-a6f3-9206ab5d0af5', '239yjvio', '广西新豪智云技术股份有限公司', NULL, '南宁', '80956dd9-1a3e-4ebe-a0b2-0bf3e49b5b0d', NULL, 'SP2', '2021-07-30', 0),
('530bb48b-3fa9-4ce4-9697-decb17b465a3', 'IPS20190050', '武汉易通科技有限公司', NULL, '武汉', 'c9dae44d-9090-4976-a476-656b0a50fcc5', NULL, 'SP2', '2021-07-30', 0),
('539ca1d8-45d8-4f04-99fb-3d04f7543fe8', 'IPS20180146', '江苏高伟达信息技术有限公司', NULL, '南京', 'c9dae44d-9090-4976-a476-656b0a50fcc5', NULL, 'SP2', '2021-07-30', 0),
('53cf6366-b78e-4524-b17e-0662f0ade974', '69yqj', '山东海得朗润信息技术有限公司', NULL, '青岛', 'c1fedcf5-9980-45a0-a4ff-80dc3f95cf8a', NULL, 'SP2', '2021-07-30', 0),
('5477ddc9-47e0-4213-bff4-c829a1747808', '9ewom', '天津卓朗科技发展有限公司', NULL, '天津', '8686bb30-810c-4369-a9e0-1e49fa99a701', NULL, 'SP2', '2021-07-30', 0),
('5537f509-5406-4799-bc15-b8e19046f4d7', 'IPCS20180044', '武汉中和安泰信息科技有限公司', NULL, '武汉', 'c9dae44d-9090-4976-a476-656b0a50fcc5', NULL, 'SP2', '2021-07-30', 0),
('56c94cc3-ce02-4053-b351-f2dd26394c5b', '6w3be', '南京迪泰计算机网络有限责任公司', NULL, '南京', 'c9dae44d-9090-4976-a476-656b0a50fcc5', NULL, 'SP2', '2021-07-30', 0),
('56f35add-b0a4-4004-9443-de7fef97a8c4', 'IPS20200080', '北京宏元腾科技发展有限公司', NULL, '北京', 'a1fe4e13-fa17-4737-8672-b04643deae8f', NULL, 'SP2', '2021-07-30', 0),
('57514bb1-497b-49e3-8f5b-ef44ff7b2fd6', 'IPS20180085', '内蒙古万德系统集成有限责任公司', NULL, '呼和浩特', '8686bb30-810c-4369-a9e0-1e49fa99a701', NULL, 'SP2', '2021-07-30', 0),
('57df75a5-d074-49e8-8285-1e7ace8638ad', 'IPS20180142', '中科九洲科技股份有限公司', NULL, '郑州', 'a1fe4e13-fa17-4737-8672-b04643deae8f', NULL, 'SP2', '2021-07-30', 0),
('58832a51-6130-4ffe-9a14-563e1acd0b46', 'IPS20180132', '上海申铁信息工程有限公司', NULL, '上海', 'c9dae44d-9090-4976-a476-656b0a50fcc5', NULL, 'SP2', '2021-07-30', 0),
('5930a904-1b5a-488b-bd24-d3cba7ac32a9', 'IPS20190044', '河南安博电子科技有限公司', NULL, '郑州', 'a1fe4e13-fa17-4737-8672-b04643deae8f', NULL, 'SP2', '2021-07-30', 0),
('5a1ec052-67ac-404e-b63f-48982e2325fa', 'IPS20180157', '安徽皖通科技股份有限公司', NULL, '合肥', 'c9dae44d-9090-4976-a476-656b0a50fcc5', NULL, 'SP2', '2021-07-30', 0),
('5a695ee3-5a81-4819-8ada-ad983709d872', 'zu28eqr', '山东森特信息科技有限公司', NULL, '济南', 'c1fedcf5-9980-45a0-a4ff-80dc3f95cf8a', NULL, 'SP2', '2021-07-30', 0),
('5acaa651-ad12-4895-a71e-b83ae9cff112', '2q85it8d', '深圳市奇摩计算机有限公司', NULL, '深圳', '80956dd9-1a3e-4ebe-a0b2-0bf3e49b5b0d', NULL, 'SP2', '2021-07-30', 0),
('5b343707-2e27-4c08-97a4-82c3bd56de5d', 'IPS20200040', '上海聚托信息科技有限公司', NULL, '上海', 'c9dae44d-9090-4976-a476-656b0a50fcc5', NULL, 'SP2', '2021-07-30', 0),
('5c0c3121-b267-46e7-bc3e-55eb7f95ad91', 'IPS20200115', '广州群志科技股份有限公司', NULL, '广州', '80956dd9-1a3e-4ebe-a0b2-0bf3e49b5b0d', NULL, 'SP2', '2021-07-30', 0),
('5c2f2dd5-9b30-45e5-a8a2-9e81841bb1c5', 'IPS20180145', '辽宁润德科技有限公司', NULL, '沈阳', '4f7f680e-1c89-4eac-8d23-c74146881687', NULL, 'SP2', '2021-07-30', 0),
('5d00b2e2-14e8-4d8e-8fdd-701218b173dc', 'IPS20200015', '重庆永弘长业信息技术有限公司', NULL, '重庆', 'c87fabf5-f295-409a-8469-2a19ff1cdd17', NULL, 'SP2', '2021-07-30', 0),
('5dd8ccc3-9e76-447b-9619-61eb8392903b', 'IPS20200009', '北京融和友信科技股份有限公司', NULL, '北京', '4f7f680e-1c89-4eac-8d23-c74146881687', NULL, 'SP2', '2021-07-30', 0),
('5e04d3d1-b66f-4599-bd49-8c8a2bc09f80', '6y7pd', '新疆佳信通信息有限公司', NULL, '乌鲁木齐', 'c87fabf5-f295-409a-8469-2a19ff1cdd17', NULL, 'SP2', '2021-07-30', 0),
('5e6fe977-e3d7-4415-844a-e57a791da908', 'IPS20190116', '北京瑞得思智能科技有限公司', NULL, '北京', '8686bb30-810c-4369-a9e0-1e49fa99a701', NULL, 'SP2', '2021-07-30', 0),
('5ec950f9-b7e5-4e27-ae0d-471dc0cf9bbc', '71yfw', '易航科技股份有限公司', NULL, '海口', '80956dd9-1a3e-4ebe-a0b2-0bf3e49b5b0d', NULL, 'SP2', '2021-07-30', 0),
('5f0ba252-e830-471f-8006-fb0f29a37b8d', 'IPCS20180059', '重庆观内科技发展有限公司', NULL, '重庆', 'c87fabf5-f295-409a-8469-2a19ff1cdd17', NULL, 'SP2', '2021-07-30', 0),
('5f1e9bd8-4478-4bd7-b07a-d0aa9af5b7a2', 'IPS20180189', '广州小熊信息科技有限公司', NULL, '广州', '80956dd9-1a3e-4ebe-a0b2-0bf3e49b5b0d', NULL, 'SP2', '2021-07-30', 0),
('5f7481d7-d944-42e4-aa0b-d340a0f84e62', 'IPS20200102', '北京华信诚丰科技有限公司', NULL, '北京', 'a1fe4e13-fa17-4737-8672-b04643deae8f', NULL, 'SP2', '2021-07-30', 0),
('5f7b4856-f87f-420a-beda-3198dba33e92', '8ral3', '广州汉讯信息科技有限公司', NULL, '广州', '80956dd9-1a3e-4ebe-a0b2-0bf3e49b5b0d', NULL, 'SP2', '2021-07-30', 0),
('5fbb9300-6f99-49d3-9494-7144658e836f', 'ztzg8q2', '浙江群立时代科技有限公司', NULL, '杭州', 'c9dae44d-9090-4976-a476-656b0a50fcc5', NULL, 'SP2', '2021-07-30', 0),
('607a9244-d60d-42ad-8846-c50cfbf2d40c', '6qmz2', '上海高伟达计算机系统工程有限公司', NULL, '上海', 'c9dae44d-9090-4976-a476-656b0a50fcc5', NULL, 'SP2', '2021-07-30', 0),
('60d388fd-62f9-4ddc-a627-f42819110fdc', 'IPS20200072', '河南九泽电子科技有限公司', NULL, '郑州', 'a1fe4e13-fa17-4737-8672-b04643deae8f', NULL, 'SP2', '2021-07-30', 0),
('61963883-c8df-4105-a551-3e3c85942b70', '651or', '江苏博融信息技术有限公司', NULL, '南京', 'c9dae44d-9090-4976-a476-656b0a50fcc5', NULL, 'SP2', '2021-07-30', 0),
('61cad793-a934-4241-8be3-c08ceb892a99', '655dr', '南京中铁信息工程有限公司', NULL, '南京', 'c9dae44d-9090-4976-a476-656b0a50fcc5', NULL, 'SP2', '2021-07-30', 0),
('61fa74fa-bcd8-4f11-adff-c355e2beb0ba', 'IPS20200070', '东华医为科技有限公司', NULL, '北京', 'a1fe4e13-fa17-4737-8672-b04643deae8f', NULL, 'SP2', '2021-07-30', 0),
('62aeb3f8-49bf-48d2-a250-bd2aed925574', 'IPS20200100', '北京中天瑞合科技有限公司', NULL, '北京', 'c1fedcf5-9980-45a0-a4ff-80dc3f95cf8a', NULL, 'SP2', '2021-07-30', 0),
('63711dda-48d9-4bb2-8837-7a9060b0d17f', 'IPCS20180080', '广东维蓝数据信息有限公司', NULL, '广州', '80956dd9-1a3e-4ebe-a0b2-0bf3e49b5b0d', NULL, 'SP2', '2021-07-30', 0),
('63cd95a6-fcdf-4d48-8825-92893c2d7d9f', 'IPS', '客户销售部', 'Customer sales department', '北京', '0b8f0da5-873b-4ada-a025-2fa6c626a2af', NULL, '内部-部门', '2021-07-30', 0),
('63fb675d-ebda-492b-a7a3-a6a04da9b751', 'IPS20190105', '上海极算信息技术有限公司', NULL, '上海', 'c9dae44d-9090-4976-a476-656b0a50fcc5', NULL, 'SP2', '2021-07-30', 0),
('64444c5f-399d-4cbf-9ee0-e18a57b02ab8', 'IPS20200112', '天津中邦信息技术有限公司', NULL, '天津', '8686bb30-810c-4369-a9e0-1e49fa99a701', NULL, 'SP2', '2021-07-30', 0),
('6470e091-805c-41f7-af30-b79d245cef1d', 'IPS20190110', '上海合科力绅机电有限公司', NULL, '上海', 'c9dae44d-9090-4976-a476-656b0a50fcc5', NULL, 'SP2', '2021-07-30', 0),
('649bf5a0-e778-4969-aaad-6ec28275f052', 'IPS20190069', '华际信息系统有限公司', NULL, '北京', 'a1fe4e13-fa17-4737-8672-b04643deae8f', NULL, 'SP2', '2021-07-30', 0),
('64f9bea0-0e9e-497f-99c4-7c9f72379f61', '928f1', '兴业数字金融服务(上海)股份有限公司', NULL, '上海', 'c9dae44d-9090-4976-a476-656b0a50fcc5', NULL, 'SP2', '2021-07-30', 0),
('6557d969-6646-43c7-95df-b6bce5cdf18d', 'IPS20180135', '上海仁冠信息技术有限公司', NULL, '上海', 'c9dae44d-9090-4976-a476-656b0a50fcc5', NULL, 'SP2', '2021-07-30', 0),
('656076a3-b9d4-4a2e-b332-eeb826a137ef', '8o5ny', '广州光睿信息科技有限公司', NULL, '广州', '80956dd9-1a3e-4ebe-a0b2-0bf3e49b5b0d', NULL, 'SP2', '2021-07-30', 0),
('65b37d6e-c43f-4d18-9c12-468e3b1bd3bd', '6lh3w', '武汉恒信科远信息技术有限公司', NULL, '武汉', 'c9dae44d-9090-4976-a476-656b0a50fcc5', NULL, 'SP2', '2021-07-30', 0),
('65ceea10-e093-411f-a9ab-053d7cfdf6fe', '8voy9', '航天云宏技术有限公司', NULL, '广州', '80956dd9-1a3e-4ebe-a0b2-0bf3e49b5b0d', NULL, 'SP2', '2021-07-30', 0),
('66118257-1423-4783-aeb1-4b3c43ad6d19', 'IPS20200052', '信雅达系统工程股份有限公司', NULL, '杭州', 'c9dae44d-9090-4976-a476-656b0a50fcc5', NULL, 'SP2', '2021-07-30', 0),
('66338d5c-a720-4d21-b95d-002013bb3d51', 'IPS20190086', '河南景蓝电子科技有限公司', NULL, '郑州', 'a1fe4e13-fa17-4737-8672-b04643deae8f', NULL, 'SP2', '2021-07-30', 0),
('66628349-9786-417d-aa7e-f4a404a71b53', 'IPS20180134', '天津英信科技有限公司', NULL, '天津', '8686bb30-810c-4369-a9e0-1e49fa99a701', NULL, 'SP2', '2021-07-30', 0),
('669f664c-836e-48da-a5f6-1f85b568f542', '18z7gstl', '广东励康信息技术有限公司', NULL, '广州', '80956dd9-1a3e-4ebe-a0b2-0bf3e49b5b0d', NULL, 'SP2', '2021-07-30', 0),
('66fead27-dca7-493f-a7cc-81343e577bdf', '6jmp8', '青岛诺亚信息技术有限公司', NULL, '青岛', 'c1fedcf5-9980-45a0-a4ff-80dc3f95cf8a', NULL, 'SP2', '2021-07-30', 0),
('674a4abe-f74c-44ec-9a9e-8ed8344adc4d', '6WP82', '南京卓睿胜域信息工程有限公司', NULL, '南京', 'c9dae44d-9090-4976-a476-656b0a50fcc5', NULL, 'SP2', '2021-07-30', 0),
('6763285c-9f24-4e5d-9f76-dc6b4c675530', 'ztze3g7', '恒生电子股份有限公司', NULL, '杭州', 'c9dae44d-9090-4976-a476-656b0a50fcc5', NULL, 'SP2', '2021-07-30', 0),
('677fb2ca-44f5-4897-8ea2-99345bb4ee5d', 'IPS20190057', '易德泰丰(北京)信息技术有限公司', NULL, '北京', 'c1fedcf5-9980-45a0-a4ff-80dc3f95cf8a', NULL, 'SP2', '2021-07-30', 0),
('67b4dbce-45fc-491c-a852-28dd1a26d82b', 'IPS20200108', '北京威盟维尔信息技术有限公司', NULL, '北京', 'a1fe4e13-fa17-4737-8672-b04643deae8f', NULL, 'SP2', '2021-07-30', 0),
('67cdc2d3-46c0-40fb-864b-f3e865164b31', 'IPS20200087', '江西先锋保信科技有限公司', NULL, '南昌', 'c9dae44d-9090-4976-a476-656b0a50fcc5', NULL, 'SP2', '2021-07-30', 0),
('684d9679-a305-4e6e-ae23-8c213ef4f14b', 'IPS20200013', '普瑞盈泰(北京)科技有限公司', NULL, '北京', 'c1fedcf5-9980-45a0-a4ff-80dc3f95cf8a', NULL, 'SP2', '2021-07-30', 0),
('6861747a-d9f1-4278-b55a-a0ed6c5744c7', '10aitdm3', '中国软件与技术服务股份有限公司', NULL, '北京', '8686bb30-810c-4369-a9e0-1e49fa99a701', NULL, 'SP2', '2021-07-30', 0),
('68ca2e19-1cbd-4e17-ab82-81d25bec63ff', 'IPS20200107', '北京一体通探测技术有限公司', NULL, '北京', 'a1fe4e13-fa17-4737-8672-b04643deae8f', NULL, 'SP2', '2021-07-30', 0),
('68f5f29e-c71d-41c9-b0b0-39a3651bfb7e', 'IPCS20180024', '北京迈世互联科技有限公司', NULL, '北京', 'a1fe4e13-fa17-4737-8672-b04643deae8f', NULL, 'SP2', '2021-07-30', 0),
('692bf74c-8399-4f39-b173-d1ca2d4ef915', 'IPS20190108', '宁夏恒兴世纪科技服务有限公司', NULL, '银川', 'c87fabf5-f295-409a-8469-2a19ff1cdd17', NULL, 'SP2', '2021-07-30', 0),
('695291ed-3832-44ef-bcac-3547295693c8', '6h42m', '华信永道(北京)科技股份有限公司', NULL, '北京', '8686bb30-810c-4369-a9e0-1e49fa99a701', NULL, 'SP2', '2021-07-30', 0),
('699ccbd0-4006-40ee-9d20-be7a5f09f5fe', 'IPS20180107', '河北东软软件有限公司', NULL, '石家庄', 'a1fe4e13-fa17-4737-8672-b04643deae8f', NULL, 'SP2', '2021-07-30', 0),
('6a604ccb-e61b-4ddf-99a2-a4a4907c3772', 'IPS20180119', '北京金路金程信息技术有限公司', NULL, '北京', '4f7f680e-1c89-4eac-8d23-c74146881687', NULL, 'SP2', '2021-07-30', 0),
('6ab8c499-965e-496c-9c00-8649c6346b6a', 'IPS20190081', '上海岚维电子科技有限公司', NULL, '上海', 'c9dae44d-9090-4976-a476-656b0a50fcc5', NULL, 'SP2', '2021-07-30', 0),
('6b75af86-0678-4ceb-bad7-4841cfc7be15', 'IPS20190039', '神州金辰(北京)科技发展有限公司', NULL, '北京', 'c1fedcf5-9980-45a0-a4ff-80dc3f95cf8a', NULL, 'SP2', '2021-07-30', 0),
('6c06ffbf-62b6-41b3-9688-d5929dea4791', 'IPS20200096', '江苏迪纳丝信息科技有限公司', NULL, '南京', 'c9dae44d-9090-4976-a476-656b0a50fcc5', NULL, 'SP2', '2021-07-30', 0),
('6c3f9e1a-a90a-4d67-a1a8-22a468fe077a', '10aiz7pt', '宇博信诚(北京)信息技术有限公司', NULL, '北京', '8686bb30-810c-4369-a9e0-1e49fa99a701', NULL, 'SP2', '2021-07-30', 0),
('6c729885-71c9-44f8-b015-c612bfaac35d', '7c87d', '深圳市睿威信息技术有限公司', NULL, '深圳', '80956dd9-1a3e-4ebe-a0b2-0bf3e49b5b0d', NULL, 'SP2', '2021-07-30', 0),
('6c91feda-c0ed-4d33-a1f1-b87c80cf460f', 'IPS20190004', '广州市九重天信息科技有限公司', NULL, '广州', '80956dd9-1a3e-4ebe-a0b2-0bf3e49b5b0d', NULL, 'SP2', '2021-07-30', 0),
('6d7b0ebc-1820-43e0-96c1-b148a373b761', 'IPS20180098', '青岛东软载波科技股份有限公司', NULL, '青岛', 'c1fedcf5-9980-45a0-a4ff-80dc3f95cf8a', NULL, 'SP2', '2021-07-30', 0),
('6e58d42b-18fe-489e-89a8-853fae86dd26', '6m0jg', '深圳华云信息系统有限公司', NULL, '深圳', '80956dd9-1a3e-4ebe-a0b2-0bf3e49b5b0d', NULL, 'SP2', '2021-07-30', 0),
('6e5a316e-74f8-4289-b99e-90c8ff810fa2', '97wq7', '合肥蓝色海洋信息科技有限公司', NULL, '合肥', 'c9dae44d-9090-4976-a476-656b0a50fcc5', NULL, 'SP2', '2021-07-30', 0),
('6edff756-1b06-4a42-92bb-15afe82cca18', '8x48t', '西安铭德信息技术有限公司', NULL, '西安', 'c87fabf5-f295-409a-8469-2a19ff1cdd17', NULL, 'SP2', '2021-07-30', 0),
('6f31b896-b79c-4371-904f-a06433a6719f', 'IPS20180195', '北京东方润通科技有限责任公司', NULL, '北京', '4f7f680e-1c89-4eac-8d23-c74146881687', NULL, 'SP2', '2021-07-30', 0),
('6f6ca442-efb5-451b-99bb-f44a53100d51', '65d1e', '江苏达科信息科技有限公司', NULL, '南京', 'c9dae44d-9090-4976-a476-656b0a50fcc5', NULL, 'SP2', '2021-07-30', 0),
('6fbb3fdc-7604-49a6-b557-0ac64d5dac40', '6n3a8', '四川久远银海软件股份有限公司', NULL, '成都', 'c87fabf5-f295-409a-8469-2a19ff1cdd17', NULL, 'SP2', '2021-07-30', 0),
('6fe6d84f-784f-46e9-b557-1d957a829924', '1hmy63jm', '北京环天宇正技术发展有限责任公司', NULL, '北京', 'a1fe4e13-fa17-4737-8672-b04643deae8f', NULL, 'SP1', '2021-07-30', 0),
('705d43c8-8760-4590-a8c7-b9591440e3ff', '206ph4gx', '易联众信息技术股份有限公司', NULL, '广州', '80956dd9-1a3e-4ebe-a0b2-0bf3e49b5b0d', NULL, 'SP2', '2021-07-30', 0),
('70816782-31de-46d6-a9e6-be441d6b1445', '6hayo', '南京信同诚信息技术有限公司', NULL, '南京', 'c9dae44d-9090-4976-a476-656b0a50fcc5', NULL, 'SP2', '2021-07-30', 0),
('715ddd74-b0fe-4f41-a2a0-38331a2e41e6', '10aixpnl', '上海合联电子科技有限公司', NULL, '上海', 'c9dae44d-9090-4976-a476-656b0a50fcc5', NULL, 'SP2', '2021-07-30', 0),
('71b79aa6-a28a-45e6-a19e-251af6aed3a2', 'IPS20200082', '贵阳大森万纬科技贸易有限公司', NULL, '贵阳', 'c87fabf5-f295-409a-8469-2a19ff1cdd17', NULL, 'SP2', '2021-07-30', 0),
('720638c6-07b3-4146-b5ba-155abd078161', 'IPCS20180056', '山东亿维信息工程有限公司', NULL, '济南', 'c1fedcf5-9980-45a0-a4ff-80dc3f95cf8a', NULL, 'SP2', '2021-07-30', 0),
('7222e226-904f-4985-8a0a-92b2a1fd6638', 'IPCS20180040', '北京智睿博科技有限公司', NULL, '北京', '4f7f680e-1c89-4eac-8d23-c74146881687', NULL, 'SP2', '2021-07-30', 0),
('72654a36-8ecd-4748-8879-eea6916a74fd', 'IPS20200041', '北京微芯合创科技有限公司', NULL, '北京', 'a1fe4e13-fa17-4737-8672-b04643deae8f', NULL, 'SP2', '2021-07-30', 0),
('73329c1c-9c01-4e9e-b418-80248e1f3dd1', 'IPCS20180021', '四川新迎顺信息技术股份有限公司', NULL, '成都', 'c87fabf5-f295-409a-8469-2a19ff1cdd17', NULL, 'SP2', '2021-07-30', 0),
('738b6bd1-c9a4-4e11-b9d0-e531274bf2b9', 'IPS', '人力与综合管理部', 'Human resources and general management department', '北京', '0b8f0da5-873b-4ada-a025-2fa6c626a2af', NULL, '内部-部门', '2021-07-30', 0),
('73b5e022-523f-4723-b872-a07a64889f88', 'IPS20180166', '北京爱特泰克技术股份公司', NULL, '北京', '4f7f680e-1c89-4eac-8d23-c74146881687', NULL, 'SP2', '2021-07-30', 0),
('73ca9390-a0f3-472a-9f9e-c571819a78c2', 'IPS20200043', '合肥皖达信息科技有限公司', NULL, '合肥', 'c9dae44d-9090-4976-a476-656b0a50fcc5', NULL, 'SP2', '2021-07-30', 0),
('73cbb7a1-b343-4899-ab64-02575665461f', 'IPS20190003', '内蒙古博微计算机有限公司', NULL, '呼和浩特', '8686bb30-810c-4369-a9e0-1e49fa99a701', NULL, 'SP2', '2021-07-30', 0),
('7449eeb1-b60e-4aad-a451-d62f7bce112d', 'IPS20180136', '郑州嘉运达科技有限公司', NULL, '郑州', 'a1fe4e13-fa17-4737-8672-b04643deae8f', NULL, 'SP2', '2021-07-30', 0),
('753d8286-4d0a-422a-9b77-ca73572b84db', 'IPS20190112', '四川惟邦新创科技有限公司', NULL, '成都', 'c87fabf5-f295-409a-8469-2a19ff1cdd17', NULL, 'SP2', '2021-07-30', 0),
('756a416f-69df-45e6-a285-f2ab5c6223cd', 'IPS20190002', '江西吉昶科技有限公司', NULL, '南昌', 'c9dae44d-9090-4976-a476-656b0a50fcc5', NULL, 'SP2', '2021-07-30', 0),
('756b87ce-68f0-410e-ac07-ad906d2e5b90', 'IPS20190011', '北京志鸿英华科技有限公司', NULL, '北京', '4f7f680e-1c89-4eac-8d23-c74146881687', NULL, 'SP2', '2021-07-30', 0),
('75f715b5-d2b3-4d5d-8b0e-c589b1297dc6', 'IPS20190052', '江苏依迪科技发展有限公司', NULL, '南京', 'c9dae44d-9090-4976-a476-656b0a50fcc5', NULL, 'SP2', '2021-07-30', 0),
('761c384f-c6a5-4ba9-a4bf-e6e50c96760d', '123', '678', 'qwe', '北京', '755ca8e8-48d9-40eb-877e-d379de0de7a2', NULL, 'SP2', '2021-08-06', 1),
('7661391a-d2ba-4e97-b013-46e3c3c4a552', '8m7pc', '安徽太极计算机有限公司', NULL, '合肥', 'c9dae44d-9090-4976-a476-656b0a50fcc5', NULL, 'SP2', '2021-07-30', 0),
('771c9b5f-5871-40cf-b057-a06ea0ace189', 'IPS20200061', '天津正华通讯信息技术有限公司', NULL, '天津', '8686bb30-810c-4369-a9e0-1e49fa99a701', NULL, 'SP2', '2021-07-30', 0),
('7808f5e1-4e6b-49b2-8817-ec531e02c659', 'IPS20190013', '北京市太极华青信息系统有限公司', NULL, '北京', '4f7f680e-1c89-4eac-8d23-c74146881687', NULL, 'SP2', '2021-07-30', 0),
('7849d4d1-76a2-42fd-acef-f3618c84ddaf', '8vw3o', '北京中科联通科技有限责任公司', NULL, '北京', 'c1fedcf5-9980-45a0-a4ff-80dc3f95cf8a', NULL, 'SP2', '2021-07-30', 0),
('7867b0f4-9478-4622-8b36-a7981c994451', 'IPS20200058', '重庆南华中天信息技术有限公司', NULL, '重庆', 'c87fabf5-f295-409a-8469-2a19ff1cdd17', NULL, 'SP2', '2021-07-30', 0),
('786c6989-4310-4dda-a206-0b6fd1a37366', 'IPCS20180010', '赞华(中国)电子系统有限公司', NULL, '北京', 'a1fe4e13-fa17-4737-8672-b04643deae8f', NULL, 'SP2', '2021-07-30', 0),
('786df802-bf43-4c8b-883d-ba0f4a166475', 'IPS20180205', '北京兆维博安科技有限公司', NULL, '北京', '4f7f680e-1c89-4eac-8d23-c74146881687', NULL, 'SP2', '2021-07-30', 0),
('787a51fa-ca96-4cc1-9c45-0cabf137a273', 'IPS20200068', '上海中隽电子科技发展有限公司', NULL, '上海', 'c9dae44d-9090-4976-a476-656b0a50fcc5', NULL, 'SP2', '2021-07-30', 0),
('787d3fa0-c5a1-4bf3-b164-92f576d8f8f7', 'IPS20200079', '广西顶佳计算机信息有限公司', NULL, '南宁', '80956dd9-1a3e-4ebe-a0b2-0bf3e49b5b0d', NULL, 'SP2', '2021-07-30', 0),
('78c1926a-72e6-4525-bd71-4ea41891af11', 'IPS20180200', '南京苏创瑞远网络科技有限公司', NULL, '南京', 'c9dae44d-9090-4976-a476-656b0a50fcc5', NULL, 'SP2', '2021-07-30', 0),
('79355610-ab51-4d5d-bd4d-120ea33845d8', '6jpp3', '长软国际科技(北京)有限公司', NULL, '北京', '8686bb30-810c-4369-a9e0-1e49fa99a701', NULL, 'SP2', '2021-07-30', 0),
('793e4c3b-2a79-4765-b12c-7b05a2d50574', 'IPS20200064', '河北知脉科技有限公司', NULL, '唐山', 'a1fe4e13-fa17-4737-8672-b04643deae8f', NULL, 'SP2', '2021-07-30', 0),
('796f68dc-8111-4bca-8ad8-784a55806160', 'IPCS20180071', '星源合创(北京)技术有限公司', NULL, '北京', '4f7f680e-1c89-4eac-8d23-c74146881687', NULL, 'SP2', '2021-07-30', 0),
('79d69361-3257-40bc-823c-34de6d8c7860', '9eqee', '北京一维大成科技有限公司', NULL, '北京', 'a1fe4e13-fa17-4737-8672-b04643deae8f', NULL, 'SP2', '2021-07-30', 0),
('7a1df29b-9b3c-4c27-93cd-21e5bf524962', 'IPS20180160', '武汉中地数码科技有限公司', NULL, '武汉', 'c9dae44d-9090-4976-a476-656b0a50fcc5', NULL, 'SP2', '2021-07-30', 0),
('7a7d109e-73ca-4ff7-a7b0-e90e6f80c35a', '77i36', '北京蓝博通科技有限公司', NULL, '北京', '4f7f680e-1c89-4eac-8d23-c74146881687', NULL, 'SP2', '2021-07-30', 0);
INSERT INTO `t_basic_organization` (`uuid`, `ce_id`, `name_chn`, `name_eng`, `territory`, `director_uuid`, `desc`, `role`, `create_date`, `state`) VALUES
('7ae43abb-67e3-43a7-849f-3e1077364835', '64zzx', '积成电子股份有限公司', NULL, '济南', 'c1fedcf5-9980-45a0-a4ff-80dc3f95cf8a', NULL, 'SP2', '2021-07-30', 0),
('7b610e5b-a9d3-437e-a0d8-c00423500259', '1cfykt2m', '思创数码科技股份有限公司', NULL, '南昌', 'c9dae44d-9090-4976-a476-656b0a50fcc5', NULL, 'SP2', '2021-07-30', 0),
('7ba4bdaf-f443-4681-b81e-b6fc43c8f3ec', 'IPS20180124', '深圳市杰创志联科技有限公司', NULL, '深圳', '80956dd9-1a3e-4ebe-a0b2-0bf3e49b5b0d', NULL, 'SP2', '2021-07-30', 0),
('7bcc4216-b372-4580-bbff-8655255b8601', 'zu1r9lf', '佳报(上海)信息技术有限公司', NULL, '上海', 'c9dae44d-9090-4976-a476-656b0a50fcc5', NULL, 'SP2', '2021-07-30', 0),
('7c0f703c-527e-40d7-b738-260b54cbfdb8', 'IPS20190078', '深圳市标驰信息技术有限公司', NULL, '深圳', '80956dd9-1a3e-4ebe-a0b2-0bf3e49b5b0d', NULL, 'SP2', '2021-07-30', 0),
('7c1cc8c7-b18a-42b5-a187-18f30d56e8f2', 'IPCS20180019', '广州易宝信息技术有限公司', NULL, '广州', '80956dd9-1a3e-4ebe-a0b2-0bf3e49b5b0d', NULL, 'SP2', '2021-07-30', 0),
('7d45ab1a-e224-49e2-b9a6-c79379c11540', 'IPS20180197', '上海展翊科技有限公司', NULL, '上海', 'c9dae44d-9090-4976-a476-656b0a50fcc5', NULL, 'SP2', '2021-07-30', 0),
('7d503f1d-be6e-460a-b83c-44ff70fb7da2', 'IPCS20180025', '北京景阳雷诺科技有限公司', NULL, '北京', 'a1fe4e13-fa17-4737-8672-b04643deae8f', NULL, 'SP2', '2021-07-30', 0),
('7dc8bc04-af8e-4952-82e4-f1b7e277351f', '6i0jn', '上海艾三信息科技有限公司', NULL, '上海', 'c9dae44d-9090-4976-a476-656b0a50fcc5', NULL, 'SP2', '2021-07-30', 0),
('7de7ef48-a551-4d07-b71e-3f903e1af549', 'IPS20190031', '重庆策略科技有限责任公司', NULL, '重庆', 'c87fabf5-f295-409a-8469-2a19ff1cdd17', NULL, 'SP2', '2021-07-30', 0),
('7df1d899-0f99-4ade-8563-6c3811a045bf', '96oxd', '北京融坤世纪科技有限公司', NULL, '北京', 'c1fedcf5-9980-45a0-a4ff-80dc3f95cf8a', NULL, 'SP2', '2021-07-30', 0),
('7e81a6c8-f6f5-4b06-ba57-9c874b64faea', 'IPS20180165', '深圳天之励诚科技有限公司', NULL, '深圳', '80956dd9-1a3e-4ebe-a0b2-0bf3e49b5b0d', NULL, 'SP2', '2021-07-30', 0),
('7e9625cb-06de-4568-a254-077fa9bb2439', 'zu28st2', '上海天玑科技股份有限公司', NULL, '上海', 'c9dae44d-9090-4976-a476-656b0a50fcc5', NULL, 'SP2', '2021-07-30', 0),
('7f535a69-d60b-4f67-88b7-b569ab30bc48', 'IPS20200055', '武汉双谷科技有限公司', NULL, '武汉', 'c9dae44d-9090-4976-a476-656b0a50fcc5', NULL, 'SP2', '2021-07-30', 0),
('7f6a4f22-a2e2-41af-aadd-2209be67e2f8', '66kx7', '北京中铁信科技有限公司', NULL, '北京', '8686bb30-810c-4369-a9e0-1e49fa99a701', NULL, 'SP2', '2021-07-30', 0),
('807d530a-94ac-4740-83f9-cee72f2f0e91', 'IPS20190075', '济南卓熙电子技术有限公司', NULL, '济南', 'c1fedcf5-9980-45a0-a4ff-80dc3f95cf8a', NULL, 'SP2', '2021-07-30', 0),
('8129cefa-4cfb-4c44-b0b9-ef5bd87ac57c', 'IPS20180158', '广州赛姆科技资讯股份有限公司', NULL, '广州', '80956dd9-1a3e-4ebe-a0b2-0bf3e49b5b0d', NULL, 'SP2', '2021-07-30', 0),
('813db9f6-d258-4282-91ad-55df119b8ec3', 'IPS20200060', '沈阳云智科技有限公司', NULL, '沈阳', '4f7f680e-1c89-4eac-8d23-c74146881687', NULL, 'SP2', '2021-07-30', 0),
('8178de9d-9250-4eda-b7ce-d42537f5f0c9', 'IPS20190054', '重庆悠秀谷科技有限公司', NULL, '重庆', 'c87fabf5-f295-409a-8469-2a19ff1cdd17', NULL, 'SP2', '2021-07-30', 0),
('81b97cca-3388-449e-9f7b-3cdb0be95708', 'IPS20190074', '上海高重信息科技有限公司', NULL, '上海', 'c9dae44d-9090-4976-a476-656b0a50fcc5', NULL, 'SP2', '2021-07-30', 0),
('81bd763b-352e-48ee-bbfe-9b04b8428cf9', '61n08', '北京金信润天信息技术股份有限公司', NULL, '北京', 'c1fedcf5-9980-45a0-a4ff-80dc3f95cf8a', NULL, 'SP2', '2021-07-30', 0),
('81c2cc11-7b05-4862-8f70-72ed530114a3', 'IPS20200003', '陕西国信长天信息技术有限公司', NULL, '西安', 'c87fabf5-f295-409a-8469-2a19ff1cdd17', NULL, 'SP2', '2021-07-30', 0),
('829a7319-53c9-43c8-8d48-b6601153dba3', '65amz', '北京银信长远科技股份有限公司', NULL, '北京', 'a1fe4e13-fa17-4737-8672-b04643deae8f', NULL, 'SP1', '2021-07-30', 0),
('82a06788-a42a-4f9f-a2de-581baecc6dda', '239yjvkk', '南京胜业昆威电子有限公司', NULL, '南京', 'c9dae44d-9090-4976-a476-656b0a50fcc5', NULL, 'SP2', '2021-07-30', 0),
('82be5efc-68ff-4ffb-9000-0e65bf61071e', '18z7gd0v', '北京昆仑联通科技发展股份有限公司', NULL, '北京', '8686bb30-810c-4369-a9e0-1e49fa99a701', NULL, 'SP2', '2021-07-30', 0),
('82c32eee-c2e7-4f6e-9b83-f0540386ea29', 'IPS20180170', '广州诺万电子科技有限公司', NULL, '广州', '80956dd9-1a3e-4ebe-a0b2-0bf3e49b5b0d', NULL, 'SP2', '2021-07-30', 0),
('831e4f5e-d572-4766-adc8-53a8e02e1364', 'IPS20200110', '厦门市执携计算机系统工程有限公司', NULL, '厦门', '80956dd9-1a3e-4ebe-a0b2-0bf3e49b5b0d', NULL, 'SP2', '2021-07-30', 0),
('83263a54-462a-4c48-9f6f-eb8408d95235', 'IPCS20180014', '重庆汉光电子工程有限责任公司', NULL, '重庆', 'c87fabf5-f295-409a-8469-2a19ff1cdd17', NULL, 'SP2', '2021-07-30', 0),
('83a48aa6-f26f-4ee4-b3bf-c6c355b80bc8', 'IPCS20180016', '上海云琅信息技术有限公司', NULL, '上海', 'c9dae44d-9090-4976-a476-656b0a50fcc5', NULL, 'SP2', '2021-07-30', 0),
('83a95985-36ea-4f4a-9df0-ec9dfdcf80ec', 'IPCS20180057', '天津华禹实业有限公司', NULL, '天津', '8686bb30-810c-4369-a9e0-1e49fa99a701', NULL, 'SP2', '2021-07-30', 0),
('83cc747a-8bc6-4a29-8aac-682b67c78f30', 'IPCS20180076', '重庆伟仕宏翔科技发展有限公司', NULL, '重庆', 'c87fabf5-f295-409a-8469-2a19ff1cdd17', NULL, 'SP2', '2021-07-30', 0),
('840afff6-73b2-4615-b654-7609b8dfb2a3', 'IPCS20180068', '北京数码创天科技有限公司', NULL, '北京', 'a1fe4e13-fa17-4737-8672-b04643deae8f', NULL, 'SP2', '2021-07-30', 0),
('84a00599-141b-40e1-a253-ecf6c44e5abf', 'IPCS20180070', '北京朗程科讯科技有限公司', NULL, '北京', 'a1fe4e13-fa17-4737-8672-b04643deae8f', NULL, 'SP2', '2021-07-30', 0),
('84cba15e-2d8a-4276-8278-8a528828b584', '10aiuld3', '北京联德成科技有限公司', NULL, '北京', '4f7f680e-1c89-4eac-8d23-c74146881687', NULL, 'SP2', '2021-07-30', 0),
('84e32fbb-d29e-4a67-bcca-45b1a8d82352', '8npv5', '亚联(天津)信息技术有限责任公司', NULL, '天津', '8686bb30-810c-4369-a9e0-1e49fa99a701', NULL, 'SP2', '2021-07-30', 0),
('84f47583-5af3-4987-bd94-06cf9614e2d0', 'ztzrecn', '上海志鑫信息技术有限公司', NULL, '上海', 'c9dae44d-9090-4976-a476-656b0a50fcc5', NULL, 'SP2', '2021-07-30', 0),
('8590f067-13df-406d-82e9-c83d497fca5a', 'IPS20180163', '长春智源慧通信息技术有限公司', NULL, '长春', '4f7f680e-1c89-4eac-8d23-c74146881687', NULL, 'SP2', '2021-07-30', 0),
('859724db-78a1-4934-8ed3-d58b19e2fd67', '82z8o', '上海多融科技发展有限公司', NULL, '上海', 'c9dae44d-9090-4976-a476-656b0a50fcc5', NULL, 'SP2', '2021-07-30', 0),
('85b962aa-0354-4cfa-b1f5-3bef011ba5bd', '8ltt5', '杰创智能科技股份有限公司', NULL, '广州', '80956dd9-1a3e-4ebe-a0b2-0bf3e49b5b0d', NULL, 'SP2', '2021-07-30', 0),
('86713bc6-7398-4505-9fc7-f8374e663137', '97g5w', '深圳市金微蓝技术有限公司', NULL, '深圳', '80956dd9-1a3e-4ebe-a0b2-0bf3e49b5b0d', NULL, 'SP2', '2021-07-30', 0),
('86f3675a-44ee-42df-83cf-e60e1050c389', 'IPS20200047', '辽宁智慧科技有限公司', NULL, '沈阳', '4f7f680e-1c89-4eac-8d23-c74146881687', NULL, 'SP2', '2021-07-30', 0),
('877f9526-2b37-483e-baaa-1afc06778c5f', 'IPS20180083', '江苏天润嘉信息技术有限公司', NULL, '南京', 'c9dae44d-9090-4976-a476-656b0a50fcc5', NULL, 'SP2', '2021-07-30', 0),
('87849dd3-5b77-47f1-a63a-852d6a89a3d2', '8l9kc', '西安天璇智能系统科技有限公司', NULL, '西安', 'c87fabf5-f295-409a-8469-2a19ff1cdd17', NULL, 'SP2', '2021-07-30', 0),
('87fbf0ed-1ecb-4ba3-9470-099522689c5d', 'IPS20200074', '北京长得瑞华电子技术有限公司', NULL, '北京', 'a1fe4e13-fa17-4737-8672-b04643deae8f', NULL, 'SP2', '2021-07-30', 0),
('88db8083-183d-4e33-ab89-8f7de19cffe9', '6dcdx', '山东银弘电子科技有限公司', NULL, '济南', 'c1fedcf5-9980-45a0-a4ff-80dc3f95cf8a', NULL, 'SP2', '2021-07-30', 0),
('891df638-2bfd-42fd-aad3-72dd13889570', '9h79g', '厦门蜘蛛金服信息科技有限公司', NULL, '厦门', '80956dd9-1a3e-4ebe-a0b2-0bf3e49b5b0d', NULL, 'SP2', '2021-07-30', 0),
('899869e9-9307-476a-bfc5-7741f1d936a8', '7tgrd', '世纪怡嘉软件科技有限公司', NULL, '福州', '80956dd9-1a3e-4ebe-a0b2-0bf3e49b5b0d', NULL, 'SP2', '2021-07-30', 0),
('89a17912-9875-405a-b54b-df0cce52676c', 'IPS20180169', '北京智尚捷付科技股份有限公司', NULL, '北京', '4f7f680e-1c89-4eac-8d23-c74146881687', NULL, 'SP2', '2021-07-30', 0),
('8a037c25-9c5d-4940-99a7-a6a69c2b725a', '10ailo9u', '北京富通东方科技有限公司', NULL, '北京', '4f7f680e-1c89-4eac-8d23-c74146881687', NULL, 'SP1', '2021-07-30', 0),
('8a511a24-07d2-4a50-8892-5844a08ce8f0', '6b3to', '上海中铁信息工程有限公司', NULL, '上海', 'c9dae44d-9090-4976-a476-656b0a50fcc5', NULL, 'SP2', '2021-07-30', 0),
('8acd8efa-5928-4efb-a0ad-1c52553d0324', '83ffq', '北京中航嘉城科技股份有限公司', NULL, '北京', '8686bb30-810c-4369-a9e0-1e49fa99a701', NULL, 'SP2', '2021-07-30', 0),
('8b085581-4456-4700-9a09-00ff259fa63a', 'IPS20180149', '大连北方通联科技发展有限公司', NULL, '大连', '4f7f680e-1c89-4eac-8d23-c74146881687', NULL, 'SP2', '2021-07-30', 0),
('8b3ce98a-d20f-44b5-a83f-3926c6518d1a', 'IPS20200098', '广州雨创信息技术有限公司', NULL, '广州', '80956dd9-1a3e-4ebe-a0b2-0bf3e49b5b0d', NULL, 'SP2', '2021-07-30', 0),
('8ba64fa6-48b2-4a1f-a10e-5e65a4fd70be', '6m1xg', '北京资旗源信息技术股份有限公司', NULL, '北京', 'a1fe4e13-fa17-4737-8672-b04643deae8f', NULL, 'SP2', '2021-07-30', 0),
('8bc54668-1d2c-423b-a90e-5109d10ef7e2', '92d8j', '上海至双软件有限公司', NULL, '上海', 'c9dae44d-9090-4976-a476-656b0a50fcc5', NULL, 'SP2', '2021-07-30', 0),
('8d6a471a-24cd-4769-870d-de82604b39c4', '60gdf', '北京月新时代科技股份有限公司', NULL, '北京', '4f7f680e-1c89-4eac-8d23-c74146881687', NULL, 'SP2', '2021-07-30', 0),
('8d7fe404-ab18-4b8f-bdb2-5b350b693bfc', 'IPS20190082', '北京市速连科通信设备有限责任公司', NULL, '北京', 'c1fedcf5-9980-45a0-a4ff-80dc3f95cf8a', NULL, 'SP2', '2021-07-30', 0),
('8e0a8020-4df4-4c1c-9f28-13bff74da67f', 'IPS20200109', '四川众志宏宸信息技术有限公司', NULL, '成都', 'c87fabf5-f295-409a-8469-2a19ff1cdd17', NULL, 'SP2', '2021-07-30', 0),
('8ecb8ee6-df1f-48e1-85dd-efae9da9facd', 'IPS20210002', '陕西中科品信数码科技有限公司', NULL, '西安', 'c87fabf5-f295-409a-8469-2a19ff1cdd17', NULL, 'SP2', '2021-07-30', 0),
('8f2108b9-6362-46cc-bf57-2ec2a4fc2d0b', 'IPS20180148', '广州宏景数码科技有限公司', NULL, '广州', '80956dd9-1a3e-4ebe-a0b2-0bf3e49b5b0d', NULL, 'SP2', '2021-07-30', 0),
('8fefb753-2f9d-4c87-8d84-4af7b422474a', '10air0l2', '上海合胜计算机科技股份有限公司', NULL, '上海', 'c9dae44d-9090-4976-a476-656b0a50fcc5', NULL, 'SP2', '2021-07-30', 0),
('90347ffb-a57d-4643-9bb4-29024b05b07c', 'IPS20180111', '北京中电云通科技有限公司', NULL, '北京', '4f7f680e-1c89-4eac-8d23-c74146881687', NULL, 'SP2', '2021-07-30', 0),
('904fce1c-7c6c-44a6-8e25-47354022e28f', 'IPS20200111', '腾孝网络科技(广东)有限公司', NULL, '广州', '80956dd9-1a3e-4ebe-a0b2-0bf3e49b5b0d', NULL, 'SP2', '2021-07-30', 0),
('90ad80fe-ace5-49ff-aab0-8069d27a3833', 'IPS20200038', '广州广电国际商贸有限公司', NULL, '广州', '80956dd9-1a3e-4ebe-a0b2-0bf3e49b5b0d', NULL, 'SP2', '2021-07-30', 0),
('90da434c-3c08-4f96-ba80-19d7b2a8314f', 'IPS', '供应链管理部', 'Supply chain management department', '北京', '0b8f0da5-873b-4ada-a025-2fa6c626a2af', NULL, '内部-部门', '2021-07-30', 0),
('90e67f18-1c18-4637-898e-94d21170fc03', '18z7gst9', '太极计算机股份有限公司', NULL, '北京', 'a1fe4e13-fa17-4737-8672-b04643deae8f', NULL, 'SP2', '2021-07-30', 0),
('91053a43-41e5-4296-9121-796b2fc6b5a4', '8wdlt', '武汉腾达美林科技有限公司', NULL, '武汉', 'c9dae44d-9090-4976-a476-656b0a50fcc5', NULL, 'SP2', '2021-07-30', 0),
('913d394a-3608-4b2e-b7ee-f3bbf3802fb2', 'IPS20180096', '广西航天信息技术有限公司', NULL, '南宁', '80956dd9-1a3e-4ebe-a0b2-0bf3e49b5b0d', NULL, 'SP2', '2021-07-30', 0),
('937e1d06-d790-4a67-8b43-2338e2de05f5', '91va6', '招银云创信息技术有限公司', NULL, '深圳', '80956dd9-1a3e-4ebe-a0b2-0bf3e49b5b0d', NULL, 'SP2', '2021-07-30', 0),
('939d1f5a-b2f5-475b-bf6a-17f65a5799c0', 'IPS20200033', '北京方德信安科技有限公司', NULL, '北京', 'a1fe4e13-fa17-4737-8672-b04643deae8f', NULL, 'SP2', '2021-07-30', 0),
('93c5cb5b-988a-40da-b928-2d65c16c3f30', 'IPS20190020', '中时讯通信建设有限公司', NULL, '广州', '80956dd9-1a3e-4ebe-a0b2-0bf3e49b5b0d', NULL, 'SP2', '2021-07-30', 0),
('945a0d77-9f8e-41c7-a062-de69736b7eda', 'IPS20190051', '北京睛像科技有限公司', NULL, '北京', 'c1fedcf5-9980-45a0-a4ff-80dc3f95cf8a', NULL, 'SP2', '2021-07-30', 0),
('96451d85-6db0-48bd-8967-6b0bfaa36a6e', 'IPS20190107', '北京中软世纪软件科技有限公司', NULL, '北京', 'c1fedcf5-9980-45a0-a4ff-80dc3f95cf8a', NULL, 'SP2', '2021-07-30', 0),
('9662e4f5-2739-49ec-8756-4109ebf93014', '7dy1m', '上海基美计算机科技有限公司', NULL, '上海', 'c9dae44d-9090-4976-a476-656b0a50fcc5', NULL, 'SP2', '2021-07-30', 0),
('9695ea39-4919-4ace-8696-9cee5db50a0f', 'zu28a36', '浙江浙大网新众合轨道交通工程有限公司', NULL, '杭州', 'c9dae44d-9090-4976-a476-656b0a50fcc5', NULL, 'SP2', '2021-07-30', 0),
('96a8c70e-91e8-4963-b1ee-e07bb9607910', '8taan', '福州海神宽频信息技术有限公司', NULL, '福州', '80956dd9-1a3e-4ebe-a0b2-0bf3e49b5b0d', NULL, 'SP2', '2021-07-30', 0),
('971556bc-5291-4025-9ff5-594aadbb6fc6', 'IPCS20180073', '昆明凯玛新珂科技有限公司', NULL, '昆明', 'c87fabf5-f295-409a-8469-2a19ff1cdd17', NULL, 'SP2', '2021-07-30', 0),
('973ce47f-69f9-4578-9ff6-f43406b958aa', 'IPS20190037', '北京东辰盛景科技有限公司', NULL, '北京', 'c1fedcf5-9980-45a0-a4ff-80dc3f95cf8a', NULL, 'SP2', '2021-07-30', 0),
('97b903ed-bc9b-48c2-a30d-dc2da5a7249e', 'IPS', '审计部', 'Compliance department', '北京', '0b8f0da5-873b-4ada-a025-2fa6c626a2af', NULL, '内部-部门', '2021-07-30', 0),
('9857fedd-f8ba-494f-bef2-597c90f77d75', 'IPS20190045', '深圳市中讯网联科技有限公司', NULL, '深圳', '80956dd9-1a3e-4ebe-a0b2-0bf3e49b5b0d', NULL, 'SP2', '2021-07-30', 0),
('991106de-5291-4764-b5c7-1c0200c6623c', '18z7gt1x', '上海宝信软件股份有限公司', NULL, '上海', 'c9dae44d-9090-4976-a476-656b0a50fcc5', NULL, 'SP2', '2021-07-30', 0),
('99fa1be8-6b77-41eb-87d9-97d2b670b8e7', 'IPS20200051', '上海祁巅信息技术服务有限公司', NULL, '上海', 'c9dae44d-9090-4976-a476-656b0a50fcc5', NULL, 'SP2', '2021-07-30', 0),
('9a1f5db3-eb95-4f5b-a996-25403a44e922', 'IPS20190063', '广州市首泰信息科技有限公司', NULL, '广州', '80956dd9-1a3e-4ebe-a0b2-0bf3e49b5b0d', NULL, 'SP2', '2021-07-30', 0),
('9a495158-c006-454a-8a67-91c1db3239d6', '10ailnsq', '上海雅捷信息技术股份有限公司', NULL, '上海', 'c9dae44d-9090-4976-a476-656b0a50fcc5', NULL, 'SP2', '2021-07-30', 0),
('9a947fa5-23f2-433a-bee0-05e361fa0d98', 'IPS20200093', '山西联尚东升电子科技有限公司', NULL, '太原', '8686bb30-810c-4369-a9e0-1e49fa99a701', NULL, 'SP2', '2021-07-30', 0),
('9b3b2e1d-5eda-4be0-b025-0a98c1c000bf', 'IPS20200097', '山西众合达科技有限公司', NULL, '太原', '8686bb30-810c-4369-a9e0-1e49fa99a701', NULL, 'SP2', '2021-07-30', 0),
('9b4d2881-b183-4b38-b0ac-49474e7382fe', '2e80jc14', '嘉润达资讯系统(深圳)有限公司', NULL, '深圳', '80956dd9-1a3e-4ebe-a0b2-0bf3e49b5b0d', NULL, 'SP2', '2021-07-30', 0),
('9c00631a-a71b-4044-825f-39c6e9cf2f85', 'IPS20190092', '武汉朋鼎科技有限公司', NULL, '武汉', 'c9dae44d-9090-4976-a476-656b0a50fcc5', NULL, 'SP2', '2021-07-30', 0),
('9c32c32d-2ab5-445e-887a-02ae0c20fae6', 'IPS20180097', '蓝盾信息安全技术有限公司', NULL, '广州', '80956dd9-1a3e-4ebe-a0b2-0bf3e49b5b0d', NULL, 'SP2', '2021-07-30', 0),
('9c41d226-ae30-4a5f-af4f-eab47f49c0eb', 'IPCS20180030', '甘肃万维信息技术有限责任公司', NULL, '兰州', 'c87fabf5-f295-409a-8469-2a19ff1cdd17', NULL, 'SP2', '2021-07-30', 0),
('9d12783d-3fbc-49c8-a6a4-64e684d53aa0', 'IPS20200059', '北京中海汇通科技有限公司', NULL, '北京', 'a1fe4e13-fa17-4737-8672-b04643deae8f', NULL, 'SP2', '2021-07-30', 0),
('9d21b9da-3901-4cb3-8784-a63872a18aad', 'IPS20180140', '福建恒智信息技术有限公司', NULL, '福州', '80956dd9-1a3e-4ebe-a0b2-0bf3e49b5b0d', NULL, 'SP2', '2021-07-30', 0),
('9d56e8d5-c291-43a1-a41d-65fd5aad1d92', 'IPS20180177', '宁波腾翔信息系统工程有限公司', NULL, '宁波', 'c9dae44d-9090-4976-a476-656b0a50fcc5', NULL, 'SP2', '2021-07-30', 0),
('9d9ffd16-cf9d-48c7-8dcc-4a81f0416afe', '10ailjve', '金航数码科技有限责任公司', NULL, '北京', '8686bb30-810c-4369-a9e0-1e49fa99a701', NULL, 'SP2', '2021-07-30', 0),
('9e3ac9a6-d6d7-4081-900a-7f9e5ba8447a', '132332', '测试公司', 'test', '北京', NULL, NULL, '内部-部门', '2021-07-30', 1),
('9ec98dc5-96da-4aa7-a444-ef086b9418a2', '7j2fu', '北京华宇信息技术有限公司', NULL, '北京', '8686bb30-810c-4369-a9e0-1e49fa99a701', NULL, 'SP2', '2021-07-30', 0),
('9f700bdf-ab4a-4337-96b6-66e68ddee881', '8uvl4', '上海准成信息技术有限公司', NULL, '上海', 'c9dae44d-9090-4976-a476-656b0a50fcc5', NULL, 'SP2', '2021-07-30', 0),
('9fb7f883-faf0-4cb1-8d45-04feebe777c1', 'IPS20190042', '北京飞利信电子技术有限公司', NULL, '北京', 'c1fedcf5-9980-45a0-a4ff-80dc3f95cf8a', NULL, 'SP2', '2021-07-30', 0),
('9fd5590a-848d-492c-a6e4-492638e793b9', 'IPS20190094', '北京埃法迪锐信息科技有限公司', NULL, '北京', 'c1fedcf5-9980-45a0-a4ff-80dc3f95cf8a', NULL, 'SP2', '2021-07-30', 0),
('9feb8b99-2c6c-4520-8cb1-680ab28a4100', '872jz', '上海仪电物联技术股份有限公司', NULL, '上海', 'c9dae44d-9090-4976-a476-656b0a50fcc5', NULL, 'SP2', '2021-07-30', 0),
('a03ec86c-3a40-4fea-9e40-6b1b6b9f88b5', '235riqz3', '北明软件有限公司', NULL, '北京', 'c1fedcf5-9980-45a0-a4ff-80dc3f95cf8a', NULL, 'SP1', '2021-07-30', 0),
('a04ed91b-b95e-4103-b1c5-4172c4221555', 'IPS20190065', '星联云服科技有限公司', NULL, '福州', '80956dd9-1a3e-4ebe-a0b2-0bf3e49b5b0d', NULL, 'SP2', '2021-07-30', 0),
('a08e7b06-8782-487a-9395-82bd779b6275', 'IPCS20180060', '吉林省勃建科技服务有限公司', NULL, '长春', '4f7f680e-1c89-4eac-8d23-c74146881687', NULL, 'SP2', '2021-07-30', 0),
('a0fdca80-610c-46e1-94c4-87ff17fb3791', 'IPS20190101', '青岛汇泰智能有限公司', NULL, '青岛', 'c1fedcf5-9980-45a0-a4ff-80dc3f95cf8a', NULL, 'SP2', '2021-07-30', 0),
('a125f3dd-227a-4433-b316-d53ed5c206e7', '86dnx', '城云科技(中国)有限公司', NULL, '杭州', 'c9dae44d-9090-4976-a476-656b0a50fcc5', NULL, 'SP2', '2021-07-30', 0),
('a148f7f7-a79e-4553-ae03-17a17dbd457e', '230bnkeg', '翰林汇力(福建)信息技术有限公司', NULL, '福州', '80956dd9-1a3e-4ebe-a0b2-0bf3e49b5b0d', NULL, 'SP2', '2021-07-30', 0),
('a1ab445b-c1b1-4b52-8f5e-fa52992fed5a', '63yvd', '广州赛高计算机系统科技有限公司', NULL, '广州', '80956dd9-1a3e-4ebe-a0b2-0bf3e49b5b0d', NULL, 'SP2', '2021-07-30', 0),
('a1e2bea3-1de7-4ea4-879b-d3628a0038ef', 'ztzwo5p', '神州数码系统集成服务有限公司', NULL, '北京', 'a3807022-a591-4779-b389-f7adf639eaac', NULL, 'SP1', '2021-07-30', 0),
('a221b929-df30-4172-96d3-e91916b66c8e', '9c1ns', '中业安和(天津)科技有限公司', NULL, '天津', '8686bb30-810c-4369-a9e0-1e49fa99a701', NULL, 'SP2', '2021-07-30', 0),
('a29ff8ae-58a6-44fc-9be0-8ade18d147f9', 'IPS20200126', '江苏汉邦唐科技有限公司', NULL, '南京', 'c9dae44d-9090-4976-a476-656b0a50fcc5', NULL, 'SP2', '2021-07-30', 0),
('a2aaf55a-45f0-4466-bf20-656ad2829fa0', 'IPS20210004', '北京杰创诚通科技有限公司', NULL, '北京', '8686bb30-810c-4369-a9e0-1e49fa99a701', NULL, 'SP2', '2021-07-30', 0),
('a344c058-c067-4429-8a09-6dd18d7acc24', '7oitv', '华信纵横科技有限公司', NULL, '福州', '80956dd9-1a3e-4ebe-a0b2-0bf3e49b5b0d', NULL, 'SP2', '2021-07-30', 0),
('a363a777-e1f5-4de0-be7b-4bb275443e59', '68h0l', '北京经纬信息技术有限公司', NULL, '北京', '8686bb30-810c-4369-a9e0-1e49fa99a701', NULL, 'SP2', '2021-07-30', 0),
('a3745507-3601-43b6-9943-e7d6f4eeafb7', 'IPCS20180034', '北京华宇伟业科技有限公司', NULL, '北京', 'a1fe4e13-fa17-4737-8672-b04643deae8f', NULL, 'SP2', '2021-07-30', 0),
('a386a50e-8f59-4b5b-9ea5-2d847bbf2500', 'IPS20200004', '江苏汇道信息科技有限公司', NULL, '南京', 'c9dae44d-9090-4976-a476-656b0a50fcc5', NULL, 'SP2', '2021-07-30', 0),
('a3b92e38-d4b7-49e5-a099-8410d83d15fd', 'IPS20180099', '山东万佳云计算信息科技有限公司', NULL, '济南', 'c1fedcf5-9980-45a0-a4ff-80dc3f95cf8a', NULL, 'SP2', '2021-07-30', 0),
('a43e9834-7841-49ae-b5aa-345bc4414ed0', '123qwe', '123', 'qwe', '北京', NULL, NULL, 'SP1', '2021-08-06', 1),
('a4ffddb8-57af-441d-9dcd-76e3444dc7d5', 'IPS20190014', '上海恒岳网络科技有限公司', NULL, '上海', 'c9dae44d-9090-4976-a476-656b0a50fcc5', NULL, 'SP2', '2021-07-30', 0),
('a55daec4-f3c3-4688-8aae-35d9963001bf', '675fu', '上海友升启繁信息技术有限公司', NULL, '上海', 'c9dae44d-9090-4976-a476-656b0a50fcc5', NULL, 'SP2', '2021-07-30', 0),
('a584a759-f604-4c92-8c2e-4ee002497d3b', '9coz1', '广州昊华欣信息科技有限公司', NULL, '广州', '80956dd9-1a3e-4ebe-a0b2-0bf3e49b5b0d', NULL, 'SP2', '2021-07-30', 0),
('a5c8a78e-1e7b-4e05-b1fe-5ffec277b6c8', 'IPS20180206', '岱凯信息技术(上海)有限公司', NULL, '上海', 'c9dae44d-9090-4976-a476-656b0a50fcc5', NULL, 'SP2', '2021-07-30', 0),
('a621e120-0bd8-459e-b773-924df6fa4ab9', 'IPS20200011', '西安隆盛鑫源信息技术有限公司', NULL, '西安', 'c87fabf5-f295-409a-8469-2a19ff1cdd17', NULL, 'SP2', '2021-07-30', 0),
('a6ed3cb5-03c0-45ce-92cd-40dfcda91051', 'IPS20180192', '北京银智融创科技有限公司', NULL, '北京', '4f7f680e-1c89-4eac-8d23-c74146881687', NULL, 'SP2', '2021-07-30', 0),
('a714ca63-5d6c-4bd3-bdd4-2e86826c3576', 'IPS20190012', '长城计算机软件与系统有限公司', NULL, '北京', '4f7f680e-1c89-4eac-8d23-c74146881687', NULL, 'SP2', '2021-07-30', 0),
('a754eaa7-4047-4f22-ac79-7b77e1a04d55', 'IPS20200031', '广州巨杉软件开发有限公司', NULL, '广州', '80956dd9-1a3e-4ebe-a0b2-0bf3e49b5b0d', NULL, 'SP2', '2021-07-30', 0),
('a77f503c-3817-4d0a-afc2-faacad5450bf', 'IPS20180078', '深圳金海信息科技有限公司', NULL, '深圳', '80956dd9-1a3e-4ebe-a0b2-0bf3e49b5b0d', NULL, 'SP2', '2021-07-30', 0),
('a8f80886-d43b-4a17-8c79-c3dc2463fb68', '10aixlea', '广东天朝达互联科技有限公司', NULL, '广州', '80956dd9-1a3e-4ebe-a0b2-0bf3e49b5b0d', NULL, 'SP2', '2021-07-30', 0),
('a9092d3a-1f40-49d6-ad3c-daec368df416', '934oi', '上海吟松信息科技有限公司', NULL, '上海', 'c9dae44d-9090-4976-a476-656b0a50fcc5', NULL, 'SP2', '2021-07-30', 0),
('a975852b-57f9-4bee-b536-c12c712a7dd1', 'IPS20210001', '上海天正信息科技有限公司', NULL, '上海', 'c9dae44d-9090-4976-a476-656b0a50fcc5', NULL, 'SP2', '2021-07-30', 0),
('a999f1cf-6ef0-4281-aba0-7f7993218182', '6txey', '无锡威盛信息技术有限公司', NULL, '南京', 'c9dae44d-9090-4976-a476-656b0a50fcc5', NULL, 'SP2', '2021-07-30', 0),
('a9b773be-22b1-4d06-8409-5e27042dfb6c', 'IPS20180173', '成都全码特时代科技有限公司', NULL, '成都', 'c87fabf5-f295-409a-8469-2a19ff1cdd17', NULL, 'SP2', '2021-07-30', 0),
('aa8a7c48-5807-421b-837c-535f1d2e8ef9', '239yjvga', '北京四海蓝翔科技发展有限公司', NULL, '北京', '4f7f680e-1c89-4eac-8d23-c74146881687', NULL, 'SP2', '2021-07-30', 0),
('aa8c553c-96ea-4271-8093-21371263d135', '26lpouuw', '烟台华东电子软件技术有限公司', NULL, '烟台', 'c1fedcf5-9980-45a0-a4ff-80dc3f95cf8a', NULL, 'SP2', '2021-07-30', 0),
('aadff54b-33d4-42d0-b79c-b402ccb8beb9', '10ail3gu', '东软集团股份有限公司', NULL, '沈阳', '4f7f680e-1c89-4eac-8d23-c74146881687', NULL, 'SP1', '2021-07-30', 0),
('aaf903e7-00b9-4344-8518-3e042fed808d', '98v1g', '山东南锐软件科技有限公司', NULL, '济南', 'c1fedcf5-9980-45a0-a4ff-80dc3f95cf8a', NULL, 'SP2', '2021-07-30', 0),
('ab9eb4dd-9ce8-4cdd-ab2b-22c5e8938192', 'IPS20180152', '上海戎晖电子科技有限公司', NULL, '上海', 'c9dae44d-9090-4976-a476-656b0a50fcc5', NULL, 'SP2', '2021-07-30', 0),
('ac074f5b-97ee-4a20-96cd-2699073220ac', 'IPCS20180064', '甘肃合创信息技术有限公司', NULL, '兰州', 'c87fabf5-f295-409a-8469-2a19ff1cdd17', NULL, 'SP2', '2021-07-30', 0),
('ac4c9666-d42a-46e1-a83f-49ac5073b3bd', 'IPS20180190', '沈阳盛隆迅商贸有限公司', NULL, '沈阳', '4f7f680e-1c89-4eac-8d23-c74146881687', NULL, 'SP2', '2021-07-30', 0),
('ac99eb18-460d-4289-9547-196316cfd76c', 'IPS20210015', '北京新纽科技有限公司', NULL, '北京', '4f7f680e-1c89-4eac-8d23-c74146881687', NULL, 'SP2', '2021-07-30', 0),
('ace0ff26-f3b3-4cd9-80ae-2ed63ae588f2', '8lw9t', '沈阳杰瑞恩科技有限公司', NULL, '沈阳', '4f7f680e-1c89-4eac-8d23-c74146881687', NULL, 'SP2', '2021-07-30', 0),
('ad1319cd-67c7-46ea-9a10-f36b775d548f', '66yf2', '北京吉山时代高新技术有限公司', NULL, '北京', '8686bb30-810c-4369-a9e0-1e49fa99a701', NULL, 'SP2', '2021-07-30', 0),
('adef3bb5-ac91-4041-b489-a8f2ddcfbaac', 'IPS20200071', '广西盛润数通科技有限公司', NULL, '南宁', '80956dd9-1a3e-4ebe-a0b2-0bf3e49b5b0d', NULL, 'SP2', '2021-07-30', 0),
('adf3a42e-4a71-4277-b806-8e485a039921', 'IPS20190055', '昆明自拓科技有限公司', NULL, '昆明', 'c87fabf5-f295-409a-8469-2a19ff1cdd17', NULL, 'SP2', '2021-07-30', 0),
('aeabe6d1-deec-44c4-a573-82349c7fbd11', 'IPS20200122', '深圳创想世纪网络技术有限公司', NULL, '深圳', '80956dd9-1a3e-4ebe-a0b2-0bf3e49b5b0d', NULL, 'SP2', '2021-07-30', 0),
('aeb2e8dc-5401-4295-84db-059bf2c30f2c', 'ztze6js', '云南金隆伟业科技有限公司', NULL, '昆明', 'c87fabf5-f295-409a-8469-2a19ff1cdd17', NULL, 'SP2', '2021-07-30', 0),
('aedd7366-ac8c-4091-b356-202d32c09eef', 'IPS20200113', '北京嘉鼎泰恒科技有限公司', NULL, '北京', '8686bb30-810c-4369-a9e0-1e49fa99a701', NULL, 'SP2', '2021-07-30', 0),
('afe862ae-f6cb-4d10-a635-c7d9b0e41fb4', 'IPS20200103', '北京圣隆正泰科技发展有限公司', NULL, '北京', '4f7f680e-1c89-4eac-8d23-c74146881687', NULL, 'SP2', '2021-07-30', 0),
('b00e4e4c-cfa1-4e7e-b5e2-90021ba6ace4', 'IPCS20180061', '大连华信计算机技术股份有限公司', NULL, '大连', '4f7f680e-1c89-4eac-8d23-c74146881687', NULL, 'SP2', '2021-07-30', 0),
('b00fd9fd-32b2-490d-a901-5d9cb55ac4e4', 'IPS20210009', '上海瑞玑计算机科技有限公司', NULL, '上海', 'c9dae44d-9090-4976-a476-656b0a50fcc5', NULL, 'SP2', '2021-07-30', 0),
('b048d745-18bc-4d99-937e-7092a8c6195f', 'IPS20180164', '科大国创软件股份有限公司', NULL, '合肥', 'c9dae44d-9090-4976-a476-656b0a50fcc5', NULL, 'SP2', '2021-07-30', 0),
('b07e9b9a-61bd-4f40-a70e-afe3fed715d8', '6bwpx', '北京瑞辰数研科技有限公司', NULL, '北京', 'a1fe4e13-fa17-4737-8672-b04643deae8f', NULL, 'SP2', '2021-07-30', 0),
('b0f79bf5-8828-47ad-aced-21cd4b0153e2', 'IPS20200067', '上海赛睿信息技术有限公司', NULL, '上海', 'c9dae44d-9090-4976-a476-656b0a50fcc5', NULL, 'SP2', '2021-07-30', 0),
('b108f4aa-9153-4d54-8f06-a248b8d24304', 'IPS20190090', '安徽省征信股份有限公司', NULL, '合肥', 'c9dae44d-9090-4976-a476-656b0a50fcc5', NULL, 'SP2', '2021-07-30', 0),
('b12906ec-3fac-4588-bfc5-b7b369e84722', '22psjqx8', '厦门翰林汇力信息技术有限公司', NULL, '厦门', '80956dd9-1a3e-4ebe-a0b2-0bf3e49b5b0d', NULL, 'SP2', '2021-07-30', 0),
('b1e04232-2431-4564-8ba7-9f9ddb4c0e0c', '7kll1', '北京富通金信计算机系统服务有限公司', NULL, '北京', 'a1fe4e13-fa17-4737-8672-b04643deae8f', NULL, 'SP2', '2021-07-30', 0),
('b2428a2f-b4f5-491b-b2c6-d7fa53eafa54', '7ya4a', '北京易云东方科技有限公司', NULL, '北京', '8686bb30-810c-4369-a9e0-1e49fa99a701', NULL, 'SP2', '2021-07-30', 0),
('b2df38ad-0669-4d52-8570-3ad497bb1c10', 'IPS', '产品营销部', 'product', '北京', '0b8f0da5-873b-4ada-a025-2fa6c626a2af', NULL, '内部-部门', '2021-07-30', 0),
('b34ee8f0-d700-42c3-8147-9894d58f2402', '10aiwgma', '中国电信集团系统集成有限责任公司', NULL, '北京', 'c1fedcf5-9980-45a0-a4ff-80dc3f95cf8a', NULL, 'SP2', '2021-07-30', 0),
('b3655112-179e-4563-90d4-3902b87befff', 'IPS20180123', '广州金电图腾软件有限公司', NULL, '广州', '80956dd9-1a3e-4ebe-a0b2-0bf3e49b5b0d', NULL, 'SP2', '2021-07-30', 0),
('b42cccfb-6eee-40c4-86a3-ac83b270b933', 'IPS20190032', '日立解决方案(中国)有限公司', NULL, '北京', '8686bb30-810c-4369-a9e0-1e49fa99a701', NULL, 'SP2', '2021-07-30', 0),
('b4968a94-0468-4b6d-a018-37ce6e32afc4', 'IPS20200075', '四川省兴迪资讯科技有限公司', NULL, '成都', 'c87fabf5-f295-409a-8469-2a19ff1cdd17', NULL, 'SP2', '2021-07-30', 0),
('b4cf1404-a99d-49c2-bdf6-c275a4007a31', '6ou7h', '上海天源迪科信息技术有限公司', NULL, '上海', 'c9dae44d-9090-4976-a476-656b0a50fcc5', NULL, 'SP2', '2021-07-30', 0),
('b4eabe0f-959b-4ec6-bcd0-32bb7324d19b', '7xld7', '杭州拓云计算机信息系统有限公司', NULL, '杭州', 'c9dae44d-9090-4976-a476-656b0a50fcc5', NULL, 'SP2', '2021-07-30', 0),
('b4f4d99f-6dba-4d42-99f6-4ca4f4a48388', 'IPS20200050', '北京青金石软件有限公司', NULL, '北京', 'a1fe4e13-fa17-4737-8672-b04643deae8f', NULL, 'SP2', '2021-07-30', 0),
('b503f181-e06d-440b-8f71-b4ed09e2ae44', 'IPS20180180', '深圳市恒田科技有限公司', NULL, '深圳', '80956dd9-1a3e-4ebe-a0b2-0bf3e49b5b0d', NULL, 'SP2', '2021-07-30', 0),
('b57087f6-e432-463a-bcf2-206b13e92813', 'IPS20180153', '浙江怡海电子科技有限公司', NULL, '杭州', 'c9dae44d-9090-4976-a476-656b0a50fcc5', NULL, 'SP2', '2021-07-30', 0),
('b5e67270-ba4e-456f-bd1a-28e35233289b', 'IPS20190022', '上海亦恒远电子科技有限公司', NULL, '上海', 'c9dae44d-9090-4976-a476-656b0a50fcc5', NULL, 'SP2', '2021-07-30', 0),
('b5ffb4c5-3e0f-44f2-b188-ac6b27c9a1ef', '6et9u', '深圳市悦诚达信息技术股份有限公司', NULL, '深圳', '80956dd9-1a3e-4ebe-a0b2-0bf3e49b5b0d', NULL, 'SP2', '2021-07-30', 0),
('b7ac3305-2c03-485a-85ca-33664af49742', 'IPS20190114', '上海维优电子工程有限公司', NULL, '上海', 'c9dae44d-9090-4976-a476-656b0a50fcc5', NULL, 'SP2', '2021-07-30', 0),
('b84506b4-e969-4a64-b78b-07d45fb5e782', 'IPS20190093', '创智和宇信息技术股份有限公司', NULL, '长沙', 'c9dae44d-9090-4976-a476-656b0a50fcc5', NULL, 'SP2', '2021-07-30', 0),
('b900ea16-b265-4d76-9765-b5107ed40e02', '18z7gcru', '哈尔滨凯纳科技股份有限公司', NULL, '哈尔滨', '4f7f680e-1c89-4eac-8d23-c74146881687', NULL, 'SP2', '2021-07-30', 0),
('b927b84c-6b44-459f-89d8-df3330313615', 'IPS20200117', '北京中亦安图科技股份有限公司', NULL, '北京', '4f7f680e-1c89-4eac-8d23-c74146881687', NULL, 'SP1', '2021-07-30', 0),
('b974c5b2-ee41-431c-9e86-98451840a118', '235riqty', '广州中长康达信息技术有限公司', NULL, '广州', '80956dd9-1a3e-4ebe-a0b2-0bf3e49b5b0d', NULL, 'SP2', '2021-07-30', 0),
('b99da1a2-75a9-41bd-a7b0-6f14bcf9b864', 'IPS20200026', '北京通建泰利特智能系统工程技术有限公司', NULL, '北京', '8686bb30-810c-4369-a9e0-1e49fa99a701', NULL, 'SP2', '2021-07-30', 0),
('b9e8c506-4497-49b9-a873-cabbc861666e', 'IPS20180151', '上海华铭智能终端设备股份有限公司', NULL, '上海', 'c9dae44d-9090-4976-a476-656b0a50fcc5', NULL, 'SP2', '2021-07-30', 0),
('bb8c8a20-f653-4426-8c40-d85de404175c', 'IPS20190059', '鞍山金税科技有限公司', NULL, '鞍山', '4f7f680e-1c89-4eac-8d23-c74146881687', NULL, 'SP2', '2021-07-30', 0),
('bb8fdc1f-2d41-4c66-bebb-4a7e6289909f', 'IPS20190028', '湖南承希科技有限公司', NULL, '长沙', 'c9dae44d-9090-4976-a476-656b0a50fcc5', NULL, 'SP2', '2021-07-30', 0),
('bbc1213f-fe1b-40b5-9d9c-7555d44edcf5', 'IPS20200018', '广州方集信息科技有限公司', NULL, '广州', '80956dd9-1a3e-4ebe-a0b2-0bf3e49b5b0d', NULL, 'SP2', '2021-07-30', 0),
('bbde51c5-50dc-4d67-ad64-a98695f4aceb', '61a3g', '陕西和润电子有限责任公司', NULL, '西安', 'c87fabf5-f295-409a-8469-2a19ff1cdd17', NULL, 'SP2', '2021-07-30', 0),
('bcd9b6e5-4094-4ec3-b209-2d04dad13eaf', '284357ia', '杭州时代银通计算机工程有限公司', NULL, '杭州', 'c9dae44d-9090-4976-a476-656b0a50fcc5', NULL, 'SP2', '2021-07-30', 0),
('be7d65c6-7114-4f71-824f-f38fb7e04801', 'IPS20190008', '北京民商云科科技有限公司', NULL, '北京', '4f7f680e-1c89-4eac-8d23-c74146881687', NULL, 'SP2', '2021-07-30', 0),
('be7f246f-d4c1-45ea-bd70-1f15d292ed5b', 'ztzg59a', '成都深思天地计算机技术有限公司', NULL, '成都', 'c87fabf5-f295-409a-8469-2a19ff1cdd17', NULL, 'SP2', '2021-07-30', 0),
('be971885-f084-44c9-9b30-9f480e999872', 'IPS20190058', '深圳市赛威特实业有限公司', NULL, '深圳', '80956dd9-1a3e-4ebe-a0b2-0bf3e49b5b0d', NULL, 'SP2', '2021-07-30', 0),
('beb46770-9bb7-407b-a825-01f338d8610f', '1dx7', '国电南瑞科技股份有限公司', NULL, '南京', 'c9dae44d-9090-4976-a476-656b0a50fcc5', NULL, 'SP2', '2021-07-30', 0),
('bed27c30-ea3b-4125-89a8-0629a7bda824', 'IPS20180159', '福建弘策信息有限公司', NULL, '福州', '80956dd9-1a3e-4ebe-a0b2-0bf3e49b5b0d', NULL, 'SP2', '2021-07-30', 0),
('bef0721c-7c19-4cdb-b786-dc63a6b228be', 'IPS20180070', '沈阳天港世纪科技有限公司', NULL, '沈阳', '4f7f680e-1c89-4eac-8d23-c74146881687', NULL, 'SP2', '2021-07-30', 0),
('bf79721b-a3e3-4db1-a523-8218a2be74cb', '91k61', '福州航天云宏信息技术有限公司', NULL, '福州', '80956dd9-1a3e-4ebe-a0b2-0bf3e49b5b0d', NULL, 'SP2', '2021-07-30', 0),
('bffa3193-f120-4797-ac0d-29ef92ac70af', 'IPS20200002', '杭州恒朴电子科技有限公司', NULL, '杭州', 'c9dae44d-9090-4976-a476-656b0a50fcc5', NULL, 'SP2', '2021-07-30', 0),
('c01f9853-b9da-4098-ba4f-8ac05c77c7e9', 'IPS', '合规部', 'Compliance department', '北京', '0b8f0da5-873b-4ada-a025-2fa6c626a2af', NULL, '内部-部门', '2021-07-30', 0),
('c031de41-69a3-44c0-b0ea-911ac667dbd3', 'IPS20190095', '北京红杉云海科技有限公司', NULL, '北京', 'c1fedcf5-9980-45a0-a4ff-80dc3f95cf8a', NULL, 'SP2', '2021-07-30', 0),
('c0ca8ea8-081d-4b61-ad2d-812d8d79a282', 'IPS20180210', '武汉风华智信科技有限公司', NULL, '武汉', 'c9dae44d-9090-4976-a476-656b0a50fcc5', NULL, 'SP2', '2021-07-30', 0),
('c0ed4d2a-c7fd-44d1-83fe-64149fb877b7', '18z7gt2y', '新晨科技股份有限公司', NULL, '北京', '8686bb30-810c-4369-a9e0-1e49fa99a701', NULL, 'SP2', '2021-07-30', 0),
('c1463cb0-c6a5-42cd-9c7e-2f2f286549d8', 'IPS20200027', '中世顺科技(北京)股份有限公司', NULL, '北京', 'a1fe4e13-fa17-4737-8672-b04643deae8f', NULL, 'SP2', '2021-07-30', 0),
('c14bb4bf-eeef-488e-a24f-aaadb3512f78', 'IPCS20180018', '淄博思创信息科技有限公司', NULL, '淄博', 'c1fedcf5-9980-45a0-a4ff-80dc3f95cf8a', NULL, 'SP2', '2021-07-30', 0),
('c1c07900-d00d-42b2-a09e-7c0ddcd8a698', 'IPCS20180028', '沈阳泰然科技有限公司', NULL, '沈阳', '4f7f680e-1c89-4eac-8d23-c74146881687', NULL, 'SP2', '2021-07-30', 0),
('c28536e1-e7b4-4900-a4d6-306d076bb59b', 'IPCS20180002', '上海紫金信息技术有限公司', NULL, '上海', 'c9dae44d-9090-4976-a476-656b0a50fcc5', NULL, 'SP2', '2021-07-30', 0),
('c28ec823-438c-4dda-b3fa-d718bd32e5e3', 'IPS20200077', '江苏安狮智能技术有限公司', NULL, '南京', 'c9dae44d-9090-4976-a476-656b0a50fcc5', NULL, 'SP2', '2021-07-30', 0),
('c29106c7-b9e2-4c20-a8a4-b99803bc4b6a', 'IPS20190038', '安徽省巨鳐信息科技有限公司', NULL, '合肥', 'c9dae44d-9090-4976-a476-656b0a50fcc5', NULL, 'SP2', '2021-07-30', 0),
('c2e95680-6665-439d-901d-e88a483eacd8', 'IPS20200017', '河南恩智信信息科技有限公司', NULL, '郑州', 'a1fe4e13-fa17-4737-8672-b04643deae8f', NULL, 'SP2', '2021-07-30', 0),
('c2f59385-32df-46c5-b462-6c96c63f94e5', 'IPS20210007', '广州科晨信息技术有限公司', NULL, '广州', '80956dd9-1a3e-4ebe-a0b2-0bf3e49b5b0d', NULL, 'SP2', '2021-07-30', 0),
('c350ef8a-e942-48b6-a8d3-130b93c9da82', 'IPCS20180027', '北京传奇天地科技有限公司', NULL, '北京', '4f7f680e-1c89-4eac-8d23-c74146881687', NULL, 'SP2', '2021-07-30', 0),
('c371d7d1-cdf3-46ec-a468-1f672f11438a', 'IPS20190025', '武汉纳捷利拓信息技术有限公司', NULL, '武汉', 'c9dae44d-9090-4976-a476-656b0a50fcc5', NULL, 'SP2', '2021-07-30', 0),
('c3ee4357-aa05-436e-acf4-2905377b3aa0', 'IPS20180130', '网鼎明天科技有限公司', NULL, '北京', '4f7f680e-1c89-4eac-8d23-c74146881687', NULL, 'SP2', '2021-07-30', 0),
('c443e6a5-f286-4c08-a8f7-107470dc3962', '1fxxm9ag', '上海神州数码有限公司', NULL, '上海', 'c9dae44d-9090-4976-a476-656b0a50fcc5', NULL, 'SP2', '2021-07-30', 0),
('c501b7f4-fdc6-4bf2-8910-5749deb47690', 'ztze22q', '深圳市希尔科技发展有限公司', NULL, '深圳', '80956dd9-1a3e-4ebe-a0b2-0bf3e49b5b0d', NULL, 'SP2', '2021-07-30', 0),
('c507c996-8975-46b3-ae97-4160174c29ce', 'IPS20190035', '广州智诚合创信息技术有限公司', NULL, '广州', '80956dd9-1a3e-4ebe-a0b2-0bf3e49b5b0d', NULL, 'SP2', '2021-07-30', 0),
('c5122fa3-b0b0-4f7c-ac99-e86bdb6a5da0', 'IPS', '产品研发部', 'Product R & D department', '北京', '0b8f0da5-873b-4ada-a025-2fa6c626a2af', NULL, '内部-部门', '2021-07-30', 0),
('c58e22aa-36ed-4ebe-89fa-45fd80f7a103', 'IPS20190076', '创意信息技术股份有限公司', NULL, '成都', 'c87fabf5-f295-409a-8469-2a19ff1cdd17', NULL, 'SP2', '2021-07-30', 0),
('c5d21691-496c-46f4-ac76-fb3039bcd208', '6af7p', '北京益泰电子集团有限责任公司', NULL, '北京', 'c1fedcf5-9980-45a0-a4ff-80dc3f95cf8a', NULL, 'SP2', '2021-07-30', 0),
('c6055676-a9ff-47de-849f-635603a0bc72', 'IPS20190080', '腾孝网络科技(北京)有限公司', NULL, '北京', 'c1fedcf5-9980-45a0-a4ff-80dc3f95cf8a', NULL, 'SP2', '2021-07-30', 0),
('c6364e43-628f-49fc-8106-4168ade283df', '27k46xef', '杭州通铁电脑有限公司', NULL, '杭州', 'c9dae44d-9090-4976-a476-656b0a50fcc5', NULL, 'SP2', '2021-07-30', 0),
('c6b173b5-1104-46e3-877d-66bb7206e440', '8lvkm', '青岛乾青世纪信息技术有限公司', NULL, '青岛', 'c1fedcf5-9980-45a0-a4ff-80dc3f95cf8a', NULL, 'SP2', '2021-07-30', 0),
('c6d86522-1f38-4d6e-80f6-93a0c158276d', 'IPS20200037', '广州皓能信息科技有限公司', NULL, '广州', '80956dd9-1a3e-4ebe-a0b2-0bf3e49b5b0d', NULL, 'SP2', '2021-07-30', 0),
('c701d044-f041-44d4-bca5-a40e89ef73fb', '9i11e', '内蒙古誉铭科技发展有限公司', NULL, '包头', '8686bb30-810c-4369-a9e0-1e49fa99a701', NULL, 'SP2', '2021-07-30', 0),
('c76656f6-697d-4f80-b4b5-d7d4f99cc0ba', 'IPCS20180020', '陕西深铂瑞信息技术服务有限公司', NULL, '西安', 'c87fabf5-f295-409a-8469-2a19ff1cdd17', NULL, 'SP2', '2021-07-30', 0),
('c7724548-00b3-4f97-beba-5f8d4eb7e189', 'IPS20190015', '大连奥远电子股份有限公司', NULL, '大连', '4f7f680e-1c89-4eac-8d23-c74146881687', NULL, 'SP2', '2021-07-30', 0),
('c79cf8e5-fbd1-4a37-bc76-c8add1067c78', 'IPS20200012', '厦门商沃网络科技有限公司', NULL, '厦门', '80956dd9-1a3e-4ebe-a0b2-0bf3e49b5b0d', NULL, 'SP2', '2021-07-30', 0),
('c7d1c850-9ee2-4fa0-b9b2-5493ff32def6', 'IPCS20180066', '河北驰晟科技有限公司', NULL, '石家庄', 'a1fe4e13-fa17-4737-8672-b04643deae8f', NULL, 'SP2', '2021-07-30', 0),
('c7dc9d21-6e0a-47a5-91c4-859df7ba1e91', 'IPCS20180009', '河北北凡科技有限公司', NULL, '石家庄', 'a1fe4e13-fa17-4737-8672-b04643deae8f', NULL, 'SP2', '2021-07-30', 0),
('c8388925-84c4-4fe3-aee8-3a6bdecfb4bb', '8ke2e', '精诚瑞宝计算机系统有限公司', NULL, '广州', '80956dd9-1a3e-4ebe-a0b2-0bf3e49b5b0d', NULL, 'SP2', '2021-07-30', 0),
('c8c619d0-1f74-4491-8401-58d92cf647b8', '10ail4l4', '海南蓝点计算机网络工程有限公司', NULL, '海口', '80956dd9-1a3e-4ebe-a0b2-0bf3e49b5b0d', NULL, 'SP2', '2021-07-30', 0),
('c97c57f1-867f-4d09-b623-2020f149a21d', '10ais5ad', '上海福华网络技术有限公司', NULL, '上海', 'c9dae44d-9090-4976-a476-656b0a50fcc5', NULL, 'SP2', '2021-07-30', 0),
('c9b5389e-3f20-457c-90f4-7c158d9039e7', 'IPS20190026', '慧捷(上海)科技股份有限公司', NULL, '上海', 'c9dae44d-9090-4976-a476-656b0a50fcc5', NULL, 'SP2', '2021-07-30', 0),
('c9ea72ef-9380-4ca4-a941-d5977f8e05e4', 'IPS20200021', '沈阳众源信息技术有限公司', NULL, '沈阳', '4f7f680e-1c89-4eac-8d23-c74146881687', NULL, 'SP2', '2021-07-30', 0),
('ca3843f2-8031-499b-a104-858a16f12731', 'IPS20210014', '武汉英凯科技有限公司', NULL, '武汉', 'c87fabf5-f295-409a-8469-2a19ff1cdd17', NULL, 'SP2', '2021-07-30', 0),
('ca6988e7-9c56-4eae-8140-f66e28a1ef23', 'IPS20190073', '深圳市桑威科技有限公司', NULL, '深圳', '80956dd9-1a3e-4ebe-a0b2-0bf3e49b5b0d', NULL, 'SP2', '2021-07-30', 0),
('cab385b7-f8d2-43d7-9a82-819f5a7e61c2', 'IPS20180125', '广州市新中天科贸实业有限公司', NULL, '广州', '80956dd9-1a3e-4ebe-a0b2-0bf3e49b5b0d', NULL, 'SP2', '2021-07-30', 0),
('cad8da3a-c5ff-46a9-b135-191937ad6154', 'IPS20200024', '捷库(深圳)信息技术有限公司', NULL, '深圳', '80956dd9-1a3e-4ebe-a0b2-0bf3e49b5b0d', NULL, 'SP2', '2021-07-30', 0),
('caec0fc6-c432-4f4f-a7e8-e19df30de4eb', 'IPS20200105', '上海光牛信息科技有限公司', NULL, '上海', 'c9dae44d-9090-4976-a476-656b0a50fcc5', NULL, 'SP2', '2021-07-30', 0),
('cb9be966-c0ca-4370-8433-ac68a4c2fe9d', 'IPS20190103', '广州成浩信息科技有限公司', NULL, '广州', '80956dd9-1a3e-4ebe-a0b2-0bf3e49b5b0d', NULL, 'SP2', '2021-07-30', 0),
('cc3c45ef-26c0-4078-b0d0-f409de619ade', '9645n', '河北万云信息技术有限公司', NULL, '石家庄', 'a1fe4e13-fa17-4737-8672-b04643deae8f', NULL, 'SP2', '2021-07-30', 0),
('ccc7c60c-ccd8-42d9-91ac-457e08248f05', 'IPS20180183', '陕西山利科技发展有限责任公司', NULL, '西安', 'c87fabf5-f295-409a-8469-2a19ff1cdd17', NULL, 'SP2', '2021-07-30', 0),
('ccf26422-cc38-44d0-ae13-bce411604fb5', 'IPS20200104', '北京语脉科技有限公司', NULL, '北京', '4f7f680e-1c89-4eac-8d23-c74146881687', NULL, 'SP2', '2021-07-30', 0),
('ccfdd2da-92c7-4509-93b4-905b7a383a3c', 'IPS20200090', '青岛悦联信息科技有限公司', NULL, '青岛', 'c1fedcf5-9980-45a0-a4ff-80dc3f95cf8a', NULL, 'SP2', '2021-07-30', 0),
('cd3ef768-7fd2-43be-bc39-b659212c7cbe', 'IPCS20180042', '深圳市云海盛世科技有限公司', NULL, '深圳', '80956dd9-1a3e-4ebe-a0b2-0bf3e49b5b0d', NULL, 'SP2', '2021-07-30', 0),
('cd6fe54e-a52e-4f30-8938-c7e71aa1027a', '67fwl', '成都中铁信息工程有限公司', NULL, '成都', 'c87fabf5-f295-409a-8469-2a19ff1cdd17', NULL, 'SP2', '2021-07-30', 0),
('cdd7c1c1-6250-4dd7-a1fe-9dd3ab4caebf', 'IPS20180198', '上海中软计算机系统工程有限公司', NULL, '上海', 'c9dae44d-9090-4976-a476-656b0a50fcc5', NULL, 'SP2', '2021-07-30', 0),
('ce4dd695-5fc3-4afc-a80a-54c6ffa86bca', '693pg', '荣联科技集团股份有限公司', NULL, '北京', '4f7f680e-1c89-4eac-8d23-c74146881687', NULL, 'SP2', '2021-07-30', 0),
('ceb7b761-ea94-4bde-a5ad-c8a81f89b861', 'IPS20200124', '沿途科技(深圳)有限公司', NULL, '深圳', '80956dd9-1a3e-4ebe-a0b2-0bf3e49b5b0d', NULL, 'SP2', '2021-07-30', 0),
('cefb050a-5956-4831-8a42-c292083a8faa', 'IPS20200054', '上海云道信息技术股份有限公司', NULL, '上海', 'c9dae44d-9090-4976-a476-656b0a50fcc5', NULL, 'SP2', '2021-07-30', 0),
('cfa5b6ca-6ac7-4291-b49c-78fc8df41f83', 'IPS20200025', '成都讯为科技有限公司', NULL, '成都', 'c87fabf5-f295-409a-8469-2a19ff1cdd17', NULL, 'SP2', '2021-07-30', 0),
('d0409214-0724-48d3-b57f-943fe54f1248', 'IPCS20180038', '北京博维思通科技有限公司', NULL, '北京', 'a1fe4e13-fa17-4737-8672-b04643deae8f', NULL, 'SP2', '2021-07-30', 0),
('d04667f1-1d7a-403b-951a-710cd2f24317', 'IPS20190023', '上海英拿集成科技有限公司', NULL, '上海', 'c9dae44d-9090-4976-a476-656b0a50fcc5', NULL, 'SP2', '2021-07-30', 0),
('d04a24b6-11fc-42de-a01b-6b917f80f064', 'IPS20180108', '北京通华新博科技有限公司', NULL, '北京', 'a1fe4e13-fa17-4737-8672-b04643deae8f', NULL, 'SP2', '2021-07-30', 0),
('d0dbb281-1a0a-40f4-99d2-56b8943e97fc', '9c1pq', '上海创至计算机科技股份有限公司', NULL, '上海', 'c9dae44d-9090-4976-a476-656b0a50fcc5', NULL, 'SP2', '2021-07-30', 0),
('d17b749d-aee3-4e4b-8262-38395a4c0cee', 'IPS20180129', '高新现代智能系统股份有限公司', NULL, '深圳', '80956dd9-1a3e-4ebe-a0b2-0bf3e49b5b0d', NULL, 'SP2', '2021-07-30', 0),
('d18ba797-9f2e-4e9f-b4d8-f760d4bca072', 'IPS20200062', '慧镕电子系统工程股份有限公司', NULL, '上海', 'c9dae44d-9090-4976-a476-656b0a50fcc5', NULL, 'SP2', '2021-07-30', 0),
('d18ef64c-0fcd-4531-92d7-574347765ba8', '10ail3oa', '中铁信弘兴(北京)信息工程有限责任公司', NULL, '北京', 'a3807022-a591-4779-b389-f7adf639eaac', NULL, '总代', '2021-07-30', 0),
('d1943c38-aa8e-42cd-ad12-475f37a519e2', 'IPS20180186', '北京英信未来科技有限公司', NULL, '北京', '4f7f680e-1c89-4eac-8d23-c74146881687', NULL, 'SP2', '2021-07-30', 0),
('d199fc2d-8446-4898-95c1-f88ce17ea71b', '8qhcc', '拉萨北纬科技有限公司', NULL, '拉萨', 'c87fabf5-f295-409a-8469-2a19ff1cdd17', NULL, 'SP2', '2021-07-30', 0),
('d1ac2111-2f19-483e-aca3-70a5a62dee0a', 'IPS20190109', '北京方法科技发展有限公司', NULL, '北京', 'c1fedcf5-9980-45a0-a4ff-80dc3f95cf8a', NULL, 'SP2', '2021-07-30', 0),
('d1f8bbf4-c41a-4e04-88be-0df0df97976e', 'IPCS20180047', '湖南大成永正信息科技有限公司', NULL, '长沙', 'c9dae44d-9090-4976-a476-656b0a50fcc5', NULL, 'SP2', '2021-07-30', 0),
('d26ff57c-d50d-4c10-9399-e865f9d89840', 'IPS20210013', '北京齐信共利科技有限公司', NULL, '北京', '4f7f680e-1c89-4eac-8d23-c74146881687', NULL, 'SP2', '2021-07-30', 0),
('d305fbed-fd3a-4842-a63e-03f448d225aa', 'IPS20180208', '腾孝网络科技(上海)有限公司', NULL, '上海', 'c9dae44d-9090-4976-a476-656b0a50fcc5', NULL, 'SP2', '2021-07-30', 0),
('d3228e49-5b20-4682-b670-6756a442f86c', 'IPS20180114', '山东太极系统集成有限公司', NULL, '济南', 'c1fedcf5-9980-45a0-a4ff-80dc3f95cf8a', NULL, 'SP2', '2021-07-30', 0),
('d32ec7a8-2a0f-42df-9675-71e7964a8f21', '8nka8', '睿至科技集团有限公司', NULL, '北京', '4f7f680e-1c89-4eac-8d23-c74146881687', NULL, 'SP2', '2021-07-30', 0),
('d3761df9-93c7-486f-86fd-fcee22a626cd', 'IPS20190009', '广州锐创信息科技有限公司', NULL, '广州', '80956dd9-1a3e-4ebe-a0b2-0bf3e49b5b0d', NULL, 'SP2', '2021-07-30', 0),
('d40da981-45f7-448f-b72e-6b92189e9b68', '1yk8a8wi', '深圳四方精创资讯股份有限公司', NULL, '深圳', '80956dd9-1a3e-4ebe-a0b2-0bf3e49b5b0d', NULL, 'SP2', '2021-07-30', 0),
('d43f48c6-07bf-41d7-9e40-c44149817c73', '7fy6h', '江苏易纬电子科技有限公司', NULL, '苏州', 'c9dae44d-9090-4976-a476-656b0a50fcc5', NULL, 'SP2', '2021-07-30', 0),
('d4ad4d93-4cdb-445c-8ae7-528c77d68e38', '12321', '测试供', 'test', '呗', NULL, NULL, 'SP2', '2021-08-06', 1),
('d4de73d1-7d00-4569-82a5-352d9e27af8e', 'IPS20190064', '沈阳皓海天诚科技有限公司', NULL, '沈阳', '4f7f680e-1c89-4eac-8d23-c74146881687', NULL, 'SP2', '2021-07-30', 0),
('d4f5a908-03dc-42e9-96fc-29eb1d9229bb', '1p9jsh9v', '启明信息技术股份有限公司', NULL, '长春', '4f7f680e-1c89-4eac-8d23-c74146881687', NULL, 'SP2', '2021-07-30', 0),
('d577ec0c-e204-407a-9460-dcfb4011ede0', 'IPS20180133', '厦门路桥信息股份有限公司', NULL, '厦门', '80956dd9-1a3e-4ebe-a0b2-0bf3e49b5b0d', NULL, 'SP2', '2021-07-30', 0),
('d5f6f72b-2be8-4a74-8de6-f4df96fe5205', '2foca4oy', '天津市维弘科技信息有限公司', NULL, '天津', '8686bb30-810c-4369-a9e0-1e49fa99a701', NULL, 'SP2', '2021-07-30', 0),
('d63b70cb-f0c0-4d09-85a5-7a7a71d113dc', '7941u', '广州南天电脑系统有限公司', NULL, '广州', '80956dd9-1a3e-4ebe-a0b2-0bf3e49b5b0d', NULL, 'SP2', '2021-07-30', 0),
('d6e65f56-c4d7-4895-b381-12121927dabb', 'IPS20190005', '河北证联嘉悦信息技术有限公司', NULL, '石家庄', 'a1fe4e13-fa17-4737-8672-b04643deae8f', NULL, 'SP2', '2021-07-30', 0),
('d70eb673-58d8-4392-a74d-c08954f75b25', 'IPCS20180013', '重庆怡讯网络技术有限公司', NULL, '重庆', 'c87fabf5-f295-409a-8469-2a19ff1cdd17', NULL, 'SP2', '2021-07-30', 0),
('d70ee10c-1c64-4907-84cc-3e508e8d842a', 'IPS20200056', '上海溪盎科技有限公司', NULL, '上海', 'c9dae44d-9090-4976-a476-656b0a50fcc5', NULL, 'SP2', '2021-07-30', 0),
('d73be0f5-09e9-447a-a953-acba04a3e485', 'IPS20180131', '北京毅嘉世纪网络技术有限公司', NULL, '北京', '4f7f680e-1c89-4eac-8d23-c74146881687', NULL, 'SP2', '2021-07-30', 0),
('d7710ecf-d757-4d2f-8cc5-03c96b564ba9', 'IPS20200125', '浙江天健远见科技(集团)有限公司', NULL, '杭州', 'c9dae44d-9090-4976-a476-656b0a50fcc5', NULL, 'SP2', '2021-07-30', 0),
('d785ffee-2cc8-4aba-b494-6bc5f3394069', 'IPS20180121', '上海海隆华钟信息技术有限公司', NULL, '上海', 'c87fabf5-f295-409a-8469-2a19ff1cdd17', NULL, 'SP2', '2021-07-30', 0),
('d78a7e8f-ebdb-4378-a42f-0dce595e41b4', 'IPS20200028', '山东搏钰科技信息有限公司', NULL, '烟台', 'c1fedcf5-9980-45a0-a4ff-80dc3f95cf8a', NULL, 'SP2', '2021-07-30', 0),
('d7af1a8f-278c-4db6-beb7-ca7a74e40d56', 'IPS20190053', '北京翰海五洲电子技术有限公司', NULL, '北京', 'c1fedcf5-9980-45a0-a4ff-80dc3f95cf8a', NULL, 'SP2', '2021-07-30', 0),
('d828a314-e8a8-490b-b60a-f078e3d23536', '1dyer2m7', '联通数字科技有限公司', NULL, '北京', 'a1fe4e13-fa17-4737-8672-b04643deae8f', NULL, 'SP2', '2021-07-30', 0),
('d82d44a4-08e3-4e9a-b52d-581f586fad0c', '747da', '昆明南天电脑系统有限公司', NULL, '昆明', 'c87fabf5-f295-409a-8469-2a19ff1cdd17', NULL, 'SP2', '2021-07-30', 0),
('d8984105-ed48-4de1-aed9-eb89aea188dc', '7lej7', '成都顶智时代信息技术有限公司', NULL, '成都', 'c87fabf5-f295-409a-8469-2a19ff1cdd17', NULL, 'SP2', '2021-07-30', 0),
('d8db18de-b0ef-4665-a6b5-500ea58da349', 'IPS20200020', '江西思鼎科技有限公司', NULL, '南昌', 'c9dae44d-9090-4976-a476-656b0a50fcc5', NULL, 'SP2', '2021-07-30', 0),
('d8f3b5f5-8ad9-4474-a54e-423bffe8f3f2', 'IPCS20180067', '新格云信科技有限公司', NULL, '广州', '80956dd9-1a3e-4ebe-a0b2-0bf3e49b5b0d', NULL, 'SP2', '2021-07-30', 0),
('d9183893-4477-4e25-986f-dcf98fab12d4', 'IPS20190021', '航天信息股份有限公司', NULL, '北京', '4f7f680e-1c89-4eac-8d23-c74146881687', NULL, 'SP2', '2021-07-30', 0),
('d9bea8b6-f3c2-4fb0-83c7-835277a85aa0', '65ngp', '北京金支点技术服务有限公司', NULL, '北京', 'a1fe4e13-fa17-4737-8672-b04643deae8f', NULL, 'SP2', '2021-07-30', 0),
('d9ef6aac-0e23-4530-b2e6-798183c1ade9', '1ytwfat6', '广州帝博瑞克系统集成有限公司', NULL, '广州', '80956dd9-1a3e-4ebe-a0b2-0bf3e49b5b0d', NULL, 'SP2', '2021-07-30', 0),
('da1ab1cc-bd3e-4469-9f35-9ffae2783734', '6fkzk', '广东瑞普科技股份有限公司', NULL, '广州', '80956dd9-1a3e-4ebe-a0b2-0bf3e49b5b0d', NULL, 'SP2', '2021-07-30', 0),
('da20726b-fb57-4944-9ef1-ff124be5b0a7', 'IPS20200092', '谱穗(厦门)科技有限公司', NULL, '厦门', '80956dd9-1a3e-4ebe-a0b2-0bf3e49b5b0d', NULL, 'SP2', '2021-07-30', 0),
('da2a2b66-b2c4-4d35-bfd9-fd6a11ed65c2', '22psjjne', '江西汇天科技有限公司', NULL, '南昌', 'c9dae44d-9090-4976-a476-656b0a50fcc5', NULL, 'SP2', '2021-07-30', 0),
('da832bc3-7d0a-415b-bae8-2b8c12975f5f', '1oojqipr', '敦阳(宁波)科技有限公司', NULL, '宁波', 'c9dae44d-9090-4976-a476-656b0a50fcc5', NULL, 'SP2', '2021-07-30', 0),
('db84f6c5-336f-4397-808b-f3671ad93760', 'IPS20200063', '郑州山水信息科技有限公司', NULL, '郑州', 'a1fe4e13-fa17-4737-8672-b04643deae8f', NULL, 'SP2', '2021-07-30', 0),
('dc09008a-2137-44dc-85bf-e88b8d50d632', 'IPCS20180017', '北京金海中达科技发展有限公司', NULL, '北京', 'a1fe4e13-fa17-4737-8672-b04643deae8f', NULL, 'SP2', '2021-07-30', 0),
('dc59ef12-d126-4da5-8bcb-e531a049f4ce', '18z7gct7', '浙江建达科技股份有限公司', NULL, '杭州', 'c9dae44d-9090-4976-a476-656b0a50fcc5', NULL, 'SP2', '2021-07-30', 0),
('dd76c6d7-c6a9-4537-beac-120dcfc4ae31', '10ait0kv', '同方股份有限公司', NULL, '北京', 'a1fe4e13-fa17-4737-8672-b04643deae8f', NULL, 'SP2', '2021-07-30', 0),
('dd962a21-694c-47a2-a995-6b17399eaf7b', 'IPS20190062', '北京新脉远望科技有限公司', NULL, '北京', 'c1fedcf5-9980-45a0-a4ff-80dc3f95cf8a', NULL, 'SP2', '2021-07-30', 0),
('de15399b-396b-4056-b439-5bf6f50154c5', 'IPS', '销售管理部', 'Sales management department', '北京', '0b8f0da5-873b-4ada-a025-2fa6c626a2af', NULL, '内部-部门', '2021-07-30', 0),
('de27ca5d-1aba-4478-87e7-a344c767fc72', 'IPS20180106', '石家庄鸿川电子有限公司', NULL, '石家庄', 'a1fe4e13-fa17-4737-8672-b04643deae8f', NULL, 'SP2', '2021-07-30', 0),
('de3cf177-b9b0-440e-a77e-8fa8156f63c8', '2e80j7mi', '上海友特电子科技有限公司', NULL, '上海', 'c9dae44d-9090-4976-a476-656b0a50fcc5', NULL, 'SP2', '2021-07-30', 0),
('de4b3c1b-2a49-4be0-b528-99a558f72746', 'ztzedss', '盘锦辽河数码科技发展有限公司', NULL, '盘锦', '4f7f680e-1c89-4eac-8d23-c74146881687', NULL, 'SP2', '2021-07-30', 0),
('df1caba5-18f7-4b93-8e34-d09c6f443e40', 'IPS20190085', '武汉杰诚亿信信息技术有限公司', NULL, '武汉', 'c9dae44d-9090-4976-a476-656b0a50fcc5', NULL, 'SP2', '2021-07-30', 0),
('dfb4301f-0c97-4019-b192-313ff11f3284', 'IPS', '财务部', 'Finance Department', '北京', '0b8f0da5-873b-4ada-a025-2fa6c626a2af', NULL, '内部-部门', '2021-07-30', 0),
('e042f2f3-ee60-4da3-9ac9-bcee08272530', 'IPS20180143', '福州友合计算机有限公司', NULL, '福州', '80956dd9-1a3e-4ebe-a0b2-0bf3e49b5b0d', NULL, 'SP2', '2021-07-30', 0),
('e0560360-acaf-4cb7-8e99-27fccce89cc9', 'IPS20200039', '提爱斯数码(上海)有限公司', NULL, '上海', 'c9dae44d-9090-4976-a476-656b0a50fcc5', NULL, 'SP2', '2021-07-30', 0),
('e121f96f-693f-4b65-a22a-c03fbd352c47', 'IPS20180194', '广州市宏信电子科技有限公司', NULL, '广州', '80956dd9-1a3e-4ebe-a0b2-0bf3e49b5b0d', NULL, 'SP2', '2021-07-30', 0),
('e197a6fd-2fe2-410a-954c-78e2188bac3f', '10ail3pw', '深圳天源迪科信息技术股份有限公司', NULL, '深圳', '80956dd9-1a3e-4ebe-a0b2-0bf3e49b5b0d', NULL, 'SP2', '2021-07-30', 0),
('e1cd6751-70e4-4d63-8b1b-34450b1f0fb0', '1zmga2gw', '上海利银电子科技有限公司', NULL, '上海', 'c9dae44d-9090-4976-a476-656b0a50fcc5', NULL, 'SP2', '2021-07-30', 0),
('e2f3c3e3-c6d0-4b76-983c-1dba92a31686', '8kho8', '北京盛航科技有限责任公司', NULL, '北京', '8686bb30-810c-4369-a9e0-1e49fa99a701', NULL, 'SP2', '2021-07-30', 0),
('e34a0b71-94c8-4a4d-9fc3-f906c62b5c62', '6a1at', '北京华盛鼎兴科技有限公司', NULL, '北京', 'c1fedcf5-9980-45a0-a4ff-80dc3f95cf8a', NULL, 'SP2', '2021-07-30', 0),
('e35a05a6-6325-4048-8aaf-3f458506411b', '82aky', '兰州联创信息科技有限公司', NULL, '兰州', 'c87fabf5-f295-409a-8469-2a19ff1cdd17', NULL, 'SP2', '2021-07-30', 0),
('e365bb72-4e63-49b7-9c4e-544c41f1e559', '6fnil', '陕西瑞金电子科技有限公司', NULL, '西安', 'c87fabf5-f295-409a-8469-2a19ff1cdd17', NULL, 'SP2', '2021-07-30', 0),
('e386e9de-7b61-4692-b425-78c284980b52', 'IPS20180182', '北京中科万国互联网技术有限公司', NULL, '北京', '4f7f680e-1c89-4eac-8d23-c74146881687', NULL, 'SP2', '2021-07-30', 0),
('e481e077-40e8-43e7-a3f5-f9a70b21ca95', 'IPS20180156', '苏州嘉华计算机系统工程有限公司', NULL, '苏州', 'c9dae44d-9090-4976-a476-656b0a50fcc5', NULL, 'SP2', '2021-07-30', 0),
('e4ad2dc1-a4d3-4727-87cd-7bfd953f5f31', '8r3wn', '上海良诚科技有限公司', NULL, '上海', 'c9dae44d-9090-4976-a476-656b0a50fcc5', NULL, 'SP2', '2021-07-30', 0),
('e56095d7-0ccc-4fec-b630-af5fda934f60', 'IPS20190040', '北京盛和信科技股份有限公司', NULL, '北京', 'c1fedcf5-9980-45a0-a4ff-80dc3f95cf8a', NULL, 'SP2', '2021-07-30', 0),
('e5c71e42-d8be-4e6d-8360-bb436af0a064', 'IPS20200057', '星辰天合(北京)数据科技有限公司', NULL, '北京', 'a1fe4e13-fa17-4737-8672-b04643deae8f', NULL, 'SP2', '2021-07-30', 0),
('e5e3a233-fbeb-42ac-a2ca-32c01227410f', '660bg', '上海天好信息技术股份有限公司', NULL, '上海', 'c9dae44d-9090-4976-a476-656b0a50fcc5', NULL, 'SP2', '2021-07-30', 0),
('e6ab6d34-f56b-4dab-8adb-bb0b58cf37bd', 'IPS20180147', '广州天锐医健信息科技有限公司', NULL, '广州', '80956dd9-1a3e-4ebe-a0b2-0bf3e49b5b0d', NULL, 'SP2', '2021-07-30', 0),
('e7432c19-30db-4c0a-b4ac-7ea979893811', 'IPS20180179', '山东聚和诚信息科技有限公司', NULL, '济南', 'c1fedcf5-9980-45a0-a4ff-80dc3f95cf8a', NULL, 'SP2', '2021-07-30', 0),
('e75a69c5-b440-4ba6-9ce7-d54ff8a0952c', '8vxgt', '上海展航网络科技有限公司', NULL, '上海', 'c9dae44d-9090-4976-a476-656b0a50fcc5', NULL, 'SP2', '2021-07-30', 0),
('e793d489-a055-419a-a6cf-63b2c10245cb', 'IPS20200005', '证通股份有限公司', NULL, '上海', 'c9dae44d-9090-4976-a476-656b0a50fcc5', NULL, 'SP2', '2021-07-30', 0),
('e87f129b-53cd-4ade-b5c8-0eeee128997e', 'IPS20200006', '中通服创发科技有限责任公司', NULL, '长沙', 'c9dae44d-9090-4976-a476-656b0a50fcc5', NULL, 'SP2', '2021-07-30', 0),
('e889d438-1e65-45b5-9123-a762f1cc1d1c', 'IPS20200069', '江苏健坤人和信息科技有限公司', NULL, '南京', 'c9dae44d-9090-4976-a476-656b0a50fcc5', NULL, 'SP2', '2021-07-30', 0),
('ea456495-599f-495f-9720-2d7a234d2cb4', '10ail3ol', '华迪计算机集团有限公司', NULL, '北京', 'a1fe4e13-fa17-4737-8672-b04643deae8f', NULL, 'SP2', '2021-07-30', 0),
('ea8f3924-eabb-4696-9911-7085014099f6', 'IPS20190113', '成都信通网易医疗科技发展有限公司', NULL, '成都', 'c87fabf5-f295-409a-8469-2a19ff1cdd17', NULL, 'SP2', '2021-07-30', 0),
('eac1ef39-a955-43a2-a293-3e26832bf05e', 'IPS20190024', '北京信德永固科技有限公司', NULL, '北京', '8686bb30-810c-4369-a9e0-1e49fa99a701', NULL, 'SP2', '2021-07-30', 0),
('eb100738-24ad-49f9-8821-365650ebd999', 'IPS20180095', '北京易云时代信息技术有限公司', NULL, '北京', '8686bb30-810c-4369-a9e0-1e49fa99a701', NULL, 'SP2', '2021-07-30', 0),
('ebabef8d-adf5-4012-a343-5ad3dacee691', 'IPS', '渠道推进部', 'channel', '北京', '0b8f0da5-873b-4ada-a025-2fa6c626a2af', NULL, '内部-部门', '2021-07-30', 0),
('ebc633fc-e3e7-45c0-aa26-631deba2a7a2', 'IPS20210018', '北京华宏达科技有限公司', NULL, '北京', 'a1fe4e13-fa17-4737-8672-b04643deae8f', NULL, 'SP2', '2021-07-30', 0),
('ebde5a6a-b8f4-4ce1-a499-d152916df7f1', '69a42', '江苏综创数码科技有限公司', NULL, '南京', 'c9dae44d-9090-4976-a476-656b0a50fcc5', NULL, 'SP2', '2021-07-30', 0),
('ecc37a62-2af1-4417-8c0c-14edfc989979', 'IPS', '技术支持部', 'technology', '北京', '0b8f0da5-873b-4ada-a025-2fa6c626a2af', NULL, '内部-部门', '2021-07-30', 0),
('ecce2bf7-dc60-44ff-9625-1b2789d6ab5a', '10aitr4o', '亚信科技(中国)有限公司', NULL, '北京', '8686bb30-810c-4369-a9e0-1e49fa99a701', NULL, 'SP2', '2021-07-30', 0),
('ee1608a4-a8ca-48e9-86c6-061bc3d0f3b7', 'IPCS20180051', '成都川远科技有限公司', NULL, '成都', 'c87fabf5-f295-409a-8469-2a19ff1cdd17', NULL, 'SP2', '2021-07-30', 0),
('ee5d5c28-b06b-4738-8d1d-c571c7360682', '7qryz', '南京展航科技有限公司', NULL, '南京', 'c9dae44d-9090-4976-a476-656b0a50fcc5', NULL, 'SP2', '2021-07-30', 0);
INSERT INTO `t_basic_organization` (`uuid`, `ce_id`, `name_chn`, `name_eng`, `territory`, `director_uuid`, `desc`, `role`, `create_date`, `state`) VALUES
('ee6e1833-bc16-4e4f-b5c8-a2ceed815d88', 'IPCS20180001', '南京所由所以信息科技有限公司', NULL, '南京', 'c9dae44d-9090-4976-a476-656b0a50fcc5', NULL, 'SP2', '2021-07-30', 0),
('eeacd45a-6796-4cf2-bcc9-6561ece04a78', '10ailutc', '青岛弘腾数码科技发展有限责任公司', NULL, '青岛', 'c1fedcf5-9980-45a0-a4ff-80dc3f95cf8a', NULL, 'SP2', '2021-07-30', 0),
('ef0951fa-8d75-4fe4-8eda-7558f1ad28cc', '2h50v2w0', '安图特(北京)科技有限公司', NULL, '北京', '4f7f680e-1c89-4eac-8d23-c74146881687', NULL, 'SP2', '2021-07-30', 0),
('ef2dd47f-e11c-4c06-90f6-f69f3e30239a', 'IPS20180203', '皙城信息科技(上海)有限公司', NULL, '上海', 'c9dae44d-9090-4976-a476-656b0a50fcc5', NULL, 'SP2', '2021-07-30', 0),
('f099801a-e85d-4dc3-91bd-761b6b5cfc70', 'IPS20190066', '广西数字金服科技有限公司', NULL, '南宁', '80956dd9-1a3e-4ebe-a0b2-0bf3e49b5b0d', NULL, 'SP2', '2021-07-30', 0),
('f0fdceb8-9198-47c9-be06-fbb281d85b97', 'IPCS20180063', '辽宁交通信息技术有限公司', NULL, '沈阳', '4f7f680e-1c89-4eac-8d23-c74146881687', NULL, 'SP2', '2021-07-30', 0),
('f18aa617-ef66-4ad3-a9b1-7bace6fa59cf', 'IPCS20180058', '贵州正合伟业科技有限责任公司', NULL, '贵阳', 'c87fabf5-f295-409a-8469-2a19ff1cdd17', NULL, 'SP2', '2021-07-30', 0),
('f20d39c7-17d1-4646-96e9-d6af3d345d3a', 'IPS20180175', '广州赛意信息科技股份有限公司', NULL, '广州', '80956dd9-1a3e-4ebe-a0b2-0bf3e49b5b0d', NULL, 'SP2', '2021-07-30', 0),
('f34489e8-ebe2-42de-b7bd-413fe0f7c2fe', 'IPS20200095', '上海领诺信息技术有限公司', NULL, '上海', 'c9dae44d-9090-4976-a476-656b0a50fcc5', NULL, 'SP2', '2021-07-30', 0),
('f3590ff3-d58e-4b19-a433-64464652eebf', '21iyakqn', '武汉兴得科技有限公司', NULL, '武汉', 'c9dae44d-9090-4976-a476-656b0a50fcc5', NULL, 'SP2', '2021-07-30', 0),
('f386d865-e518-4454-996c-b8a39d1fa7a3', '123wer', '456', '456qwe', '北京', '0b8f0da5-873b-4ada-a025-2fa6c626a2af', NULL, 'SP1', '2021-08-06', 1),
('f3d28da9-481a-4acf-a00e-6aaa1ae7873f', '8u1pt', '深圳市辰华信息科技有限公司', NULL, '深圳', '80956dd9-1a3e-4ebe-a0b2-0bf3e49b5b0d', NULL, 'SP2', '2021-07-30', 0),
('f4817bbf-7942-4a0b-bd86-3beb2606fdab', '1s4t2rf7', '杭州信雅达数码科技有限公司', NULL, '杭州', 'c9dae44d-9090-4976-a476-656b0a50fcc5', NULL, 'SP2', '2021-07-30', 0),
('f497d95c-8774-4c3a-bc05-a5b0a41b1841', 'IPS20180138', '蓝深远望科技股份有限公司', NULL, '无锡', 'c9dae44d-9090-4976-a476-656b0a50fcc5', NULL, 'SP2', '2021-07-30', 0),
('f539c2c4-6fc0-4507-b48f-0d05ddd16771', 'IPS20180188', '北京伟仕佳杰信息技术服务有限公司', NULL, '北京', 'c1fedcf5-9980-45a0-a4ff-80dc3f95cf8a', NULL, 'SP2', '2021-07-30', 0),
('f5514d88-933e-4676-b8dc-028a06b9f2c4', '23il5gre', '金冠同利科技有限公司', NULL, '郑州', 'a1fe4e13-fa17-4737-8672-b04643deae8f', NULL, 'SP2', '2021-07-30', 0),
('f5e4654d-d1c7-4df7-93c0-6ebf430e9731', '9dwxv', '广西亚盛信息技术有限公司', NULL, '南宁', '80956dd9-1a3e-4ebe-a0b2-0bf3e49b5b0d', NULL, 'SP2', '2021-07-30', 0),
('f6076ed6-208c-461a-b3d2-fb1a010c80c0', 'IPS20190048', '深圳市华汇数据服务有限公司', NULL, '深圳', '80956dd9-1a3e-4ebe-a0b2-0bf3e49b5b0d', NULL, 'SP2', '2021-07-30', 0),
('f697320c-0b68-466d-b7a8-c9ddad78145c', 'IPS20190006', '安徽三联交通应用技术股份有限公司', NULL, '合肥', 'c9dae44d-9090-4976-a476-656b0a50fcc5', NULL, 'SP2', '2021-07-30', 0),
('f774eea6-59d7-4b49-948a-37b77b2f6487', '71k58', '北京蓝博恒通科技有限公司', NULL, '北京', 'a1fe4e13-fa17-4737-8672-b04643deae8f', NULL, 'SP2', '2021-07-30', 0),
('f7df0b69-0607-484f-afed-a6f0c7714de7', '8t3jy', '北京方正数码有限公司', NULL, '北京', 'a1fe4e13-fa17-4737-8672-b04643deae8f', NULL, 'SP2', '2021-07-30', 0),
('f8722838-d4ba-461f-8ef8-dadd64559fce', 'IPS20190056', '江苏步步鑫隆信息科技有限公司', NULL, '南京', 'c9dae44d-9090-4976-a476-656b0a50fcc5', NULL, 'SP2', '2021-07-30', 0),
('f9d7e163-17fb-44c6-855c-3ba24f3345b5', 'IPS20200045', '吉林徽睿天成科技有限公司', NULL, '松原', '4f7f680e-1c89-4eac-8d23-c74146881687', NULL, 'SP2', '2021-07-30', 0),
('faebef16-e2a1-403c-895e-ff2e22a22ec2', 'IPS20190060', '沈阳昱晟丰信息技术有限公司', NULL, '沈阳', '4f7f680e-1c89-4eac-8d23-c74146881687', NULL, 'SP2', '2021-07-30', 0),
('fb114aef-1815-4d37-b707-ed817c716928', '8j5w7', '陕西英发创联信息技术有限公司', NULL, '西安', 'c87fabf5-f295-409a-8469-2a19ff1cdd17', NULL, 'SP2', '2021-07-30', 0),
('fb355e00-ca8e-48cd-8752-697f0ae88ed6', '7coo8', '武汉光谷信息技术股份有限公司', NULL, '武汉', 'c9dae44d-9090-4976-a476-656b0a50fcc5', NULL, 'SP2', '2021-07-30', 0),
('fb367567-8098-4e26-a6ef-39e062ebe72d', '7tu4q', '江苏三江天地科技发展有限公司', NULL, '南京', 'c9dae44d-9090-4976-a476-656b0a50fcc5', NULL, 'SP2', '2021-07-30', 0),
('fb3b0bd2-3598-4948-8767-4162c0ef992c', '7gfwm', '江苏光大炜业网络科技有限公司', NULL, '淮安', 'c9dae44d-9090-4976-a476-656b0a50fcc5', NULL, 'SP2', '2021-07-30', 0),
('fbbbc8eb-06dd-46b6-83f7-59b51c3f1317', '63l59', '上海方平信息技术有限公司', NULL, '上海', 'c9dae44d-9090-4976-a476-656b0a50fcc5', NULL, 'SP2', '2021-07-30', 0),
('fbbdcb8f-62e0-4c36-8fa1-f5854cbe73e4', 'IPS20190007', '北京能融恒通科技有限公司', NULL, '北京', 'a1fe4e13-fa17-4737-8672-b04643deae8f', NULL, 'SP2', '2021-07-30', 0),
('fbc0ec35-b2f7-43f3-b693-8ff07eaba78f', 'IPS20190088', '昆明耀泰科技有限公司', NULL, '昆明', 'c87fabf5-f295-409a-8469-2a19ff1cdd17', NULL, 'SP2', '2021-07-30', 0),
('fcc61d65-1ae0-4983-a1a9-26c479ecd542', '18z7gsyq', '万达信息股份有限公司', NULL, '上海', 'c9dae44d-9090-4976-a476-656b0a50fcc5', NULL, 'SP2', '2021-07-30', 0),
('fd13817a-a121-446b-86ee-9e9cbdd9cdd0', '6gl2k', '江苏同步信息技术有限公司', NULL, '南京', 'c9dae44d-9090-4976-a476-656b0a50fcc5', NULL, 'SP2', '2021-07-30', 0),
('fe2c966a-361c-4df2-80c2-35e74cd6a451', 'IPS20190027', '融联易云金融信息服务(北京)有限公司', NULL, '北京', 'c1fedcf5-9980-45a0-a4ff-80dc3f95cf8a', NULL, 'SP2', '2021-07-30', 0),
('fe381c7e-4827-4572-91b6-b111ad5b4174', 'IPS20190016', '沈阳邦睿科技有限公司', NULL, '沈阳', '4f7f680e-1c89-4eac-8d23-c74146881687', NULL, 'SP2', '2021-07-30', 0),
('fe43f7a2-93af-4e10-bf32-69405f6649f6', 'IPCS20180023', '广州慧沃信息科技有限公司', NULL, '广州', '80956dd9-1a3e-4ebe-a0b2-0bf3e49b5b0d', NULL, 'SP2', '2021-07-30', 0),
('fe713ed3-40a3-4dad-9c22-22b0e99baf46', '206pg3dv', '厦门中软海晟信息技术有限公司', NULL, '厦门', '80956dd9-1a3e-4ebe-a0b2-0bf3e49b5b0d', NULL, 'SP2', '2021-07-30', 0),
('ff08bc58-f5e3-499f-a06e-dee256a6bfbf', 'IPS20200088', '济南希望计算机技术开发有限公司', NULL, '济南', 'c1fedcf5-9980-45a0-a4ff-80dc3f95cf8a', NULL, 'SP2', '2021-07-30', 0),
('ff0a3eeb-7f04-4e07-afd3-f6eaae51056e', '69tqk', '北京宇信科技集团股份有限公司', NULL, '北京', '8686bb30-810c-4369-a9e0-1e49fa99a701', NULL, 'SP2', '2021-07-30', 0),
('ff0b1ed3-a140-47a8-a5d9-3c0a459e2863', '85daq', '英迈电子商贸(上海)有限公司', NULL, '上海', '755ca8e8-48d9-40eb-877e-d379de0de7a2', NULL, '总代', '2021-07-30', 0),
('ff239600-5317-4722-b835-622d0189ec81', 'IPS20210016', '北京鸿科鼎业科技有限公司', NULL, '北京', 'a1fe4e13-fa17-4737-8672-b04643deae8f', NULL, 'SP2', '2021-07-30', 0),
('ff74d40b-f012-44b6-bd30-348b780f9574', 'IPS20180094', '友天达来(天津)信息技术有限公司', NULL, '天津', '8686bb30-810c-4369-a9e0-1e49fa99a701', NULL, 'SP2', '2021-07-30', 0),
('ffcb49df-3135-4dc8-b033-cf547199a8c8', '23y1jool', '北京兴润佳源科技有限公司', NULL, '北京', '8686bb30-810c-4369-a9e0-1e49fa99a701', NULL, 'SP2', '2021-07-30', 0);

-- --------------------------------------------------------

--
-- 表的结构 `t_basic_organization_relation`
--

CREATE TABLE `t_basic_organization_relation` (
  `uuid` varchar(36) NOT NULL COMMENT '主键uuid',
  `f_organ_id` varchar(36) NOT NULL COMMENT '父组织id',
  `organ_id` varchar(36) NOT NULL COMMENT '组织id'
) ENGINE=InnoDB DEFAULT CHARSET=utf8mb4;

--
-- 转存表中的数据 `t_basic_organization_relation`
--

INSERT INTO `t_basic_organization_relation` (`uuid`, `f_organ_id`, `organ_id`) VALUES
('128b71bb-c5df-43c6-b7e8-b6185c9fd552', '44606c4e-fc7e-4b82-b6b2-ed4bbec54b2d', '312301db-c23b-43fb-a0ca-875f8c555c98'),
('1a480cc2-45e3-49c5-81fb-02c0d965bcfe', '44606c4e-fc7e-4b82-b6b2-ed4bbec54b2d', '738b6bd1-c9a4-4e11-b9d0-e531274bf2b9'),
('33dda969-534e-4241-9906-1d3ce39f94ff', '44606c4e-fc7e-4b82-b6b2-ed4bbec54b2d', '63cd95a6-fcdf-4d48-8825-92893c2d7d9f'),
('3d8c3488-4b40-4910-97d8-8700a3481b53', '44606c4e-fc7e-4b82-b6b2-ed4bbec54b2d', 'b2df38ad-0669-4d52-8570-3ad497bb1c10'),
('456e934c-b210-40b6-bbd3-a60527687619', 'de15399b-396b-4056-b439-5bf6f50154c5', '4127e37b-16b0-4c20-8c1f-54b5344cedcb'),
('5383ceaf-db1e-4cf4-bcb2-54482f92e56f', '44606c4e-fc7e-4b82-b6b2-ed4bbec54b2d', '28e1323b-5ee5-40e6-b6b1-c31a5d2cd227'),
('5a859474-4a57-4905-975d-4cef5a3ef6b0', '44606c4e-fc7e-4b82-b6b2-ed4bbec54b2d', 'ebabef8d-adf5-4012-a343-5ad3dacee691'),
('5ed5cc06-fac7-4f90-acef-a40e2b610498', '44606c4e-fc7e-4b82-b6b2-ed4bbec54b2d', 'ecc37a62-2af1-4417-8c0c-14edfc989979'),
('6f41aaf4-aab3-49c8-b5c8-6af40aee443a', '44606c4e-fc7e-4b82-b6b2-ed4bbec54b2d', '97b903ed-bc9b-48c2-a30d-dc2da5a7249e'),
('7aaab1c3-4a0b-4669-8483-a14aaeb80b7f', 'c01f9853-b9da-4098-ba4f-8ac05c77c7e9', '4127e37b-16b0-4c20-8c1f-54b5344cedcb'),
('888a5721-e818-4b0a-b0bd-16061be7b049', 'ecc37a62-2af1-4417-8c0c-14edfc989979', '4127e37b-16b0-4c20-8c1f-54b5344cedcb'),
('98663033-3b52-4d27-abd0-c6e3a30571be', '312301db-c23b-43fb-a0ca-875f8c555c98', '4127e37b-16b0-4c20-8c1f-54b5344cedcb'),
('9fdb19fc-ab72-48f9-9da2-3be66f6991f0', '44606c4e-fc7e-4b82-b6b2-ed4bbec54b2d', 'c01f9853-b9da-4098-ba4f-8ac05c77c7e9'),
('a69ad0e1-0c47-48ac-9c0d-5776a81070d6', 'b2df38ad-0669-4d52-8570-3ad497bb1c10', '4127e37b-16b0-4c20-8c1f-54b5344cedcb'),
('acfd46b6-2178-43f3-a95f-f2af20ae45c5', '44606c4e-fc7e-4b82-b6b2-ed4bbec54b2d', '90da434c-3c08-4f96-ba80-19d7b2a8314f'),
('b06dadc5-580b-4ead-8f03-ac41290fe734', '0050d639-60f5-4300-b405-5c2e29115728', '00023793-00b8-4f81-8a76-cb90f12e5e5d'),
('b4ced8fa-3f70-46d0-8b6a-8e8bb795a812', '63cd95a6-fcdf-4d48-8825-92893c2d7d9f', '00023793-00b8-4f81-8a76-cb90f12e5e5d'),
('b8d8a284-2fcb-4055-97ca-d6266a4d2f25', '44606c4e-fc7e-4b82-b6b2-ed4bbec54b2d', 'dfb4301f-0c97-4019-b192-313ff11f3284'),
('d34322ab-9432-4b6f-9e82-081b977b40f3', '44606c4e-fc7e-4b82-b6b2-ed4bbec54b2d', 'de15399b-396b-4056-b439-5bf6f50154c5'),
('d4c2d329-2eb6-4c1a-9b87-c0c9d48b7104', '28e1323b-5ee5-40e6-b6b1-c31a5d2cd227', '4127e37b-16b0-4c20-8c1f-54b5344cedcb'),
('d68cb705-67bd-4767-9423-13771cd93b89', '312301db-c23b-43fb-a0ca-875f8c555c98', '00023793-00b8-4f81-8a76-cb90f12e5e5d'),
('d9fb7675-ed93-423a-b122-af58c896a836', '44606c4e-fc7e-4b82-b6b2-ed4bbec54b2d', '4127e37b-16b0-4c20-8c1f-54b5344cedcb'),
('dddebc96-8548-4587-80fe-5ba4af1539f6', '738b6bd1-c9a4-4e11-b9d0-e531274bf2b9', '4127e37b-16b0-4c20-8c1f-54b5344cedcb'),
('e27a4486-8abe-431d-8d39-cb8fc7359b4e', '97b903ed-bc9b-48c2-a30d-dc2da5a7249e', '4127e37b-16b0-4c20-8c1f-54b5344cedcb'),
('e38c3c6a-e9c2-45c6-afdd-683e3a5aca57', '44606c4e-fc7e-4b82-b6b2-ed4bbec54b2d', 'c5122fa3-b0b0-4f7c-ac99-e86bdb6a5da0'),
('eb388b98-a9f8-47eb-b08c-1cb054a4d105', '63cd95a6-fcdf-4d48-8825-92893c2d7d9f', '4127e37b-16b0-4c20-8c1f-54b5344cedcb'),
('f87bd9cd-2110-4a45-98b2-e8dd86f8527a', '4127e37b-16b0-4c20-8c1f-54b5344cedcb', '63cd95a6-fcdf-4d48-8825-92893c2d7d9f');

-- --------------------------------------------------------

--
-- 表的结构 `t_bk_label`
--

CREATE TABLE `t_bk_label` (
  `uuid` varchar(36) NOT NULL,
  `name` varchar(32) NOT NULL COMMENT '标签名称',
  `category` int(11) NOT NULL COMMENT '标签大类',
  `desc` varchar(256) DEFAULT NULL COMMENT '标签备注',
  `state` int(11) NOT NULL DEFAULT '0' COMMENT '状态 0=OK 1=BAN'
) ENGINE=InnoDB DEFAULT CHARSET=utf8mb4;

--
-- 转存表中的数据 `t_bk_label`
--

INSERT INTO `t_bk_label` (`uuid`, `name`, `category`, `desc`, `state`) VALUES
('25188827-ced0-424f-ad3f-6db7ae47ba9d', '标签', 1, '12', 0),
('2800e08e-8335-432d-a4d5-f8d1659661bb', '管理员', 1, '1', 0),
('2dff5675-afb8-4e99-962a-f90562ddbdb6', '133', 2312, '23123', 0),
('3ba11a6e-6d7e-414b-978a-fb76897ded06', '管理员', 1, '123', 0),
('46373c60-267c-4a88-8312-2a7033c45660', '销售', 1, '销售', 0),
('63da09fc-d6d1-48d6-a6f3-0b1e971c4602', '测试标签', 0, '测试标签', 0),
('7e7cc733-498d-4e4f-ab77-2e581258add2', '技术', 1, '技术', 0),
('83b0c324-7b46-4103-99b6-9463c72f9d09', '金融', 1, '金融', 0),
('a14e4cbd-a5f4-47d6-8de9-6a9b2ecc8977', '管理员', 333, '333', 0);

-- --------------------------------------------------------

--
-- 表的结构 `t_cms_admirer`
--

CREATE TABLE `t_cms_admirer` (
  `id` int(11) NOT NULL COMMENT '主键id',
  `message_id` int(11) NOT NULL COMMENT '文章id',
  `message_name` varchar(128) DEFAULT NULL COMMENT '文章名称',
  `admirer_id` int(11) NOT NULL COMMENT '点赞人id',
  `admirer_name` varchar(128) DEFAULT NULL COMMENT '点赞人姓名',
  `create_date` datetime NOT NULL COMMENT '创建时间',
  `remarks` varchar(128) DEFAULT NULL COMMENT '备注'
) ENGINE=InnoDB DEFAULT CHARSET=utf8mb4;

--
-- 转存表中的数据 `t_cms_admirer`
--

INSERT INTO `t_cms_admirer` (`id`, `message_id`, `message_name`, `admirer_id`, `admirer_name`, `create_date`, `remarks`) VALUES
(7, 1, '标题', 1, '123', '2021-05-18 10:46:42', NULL);

-- --------------------------------------------------------

--
-- 表的结构 `t_cms_marketing`
--

CREATE TABLE `t_cms_marketing` (
  `id` int(11) NOT NULL COMMENT '主键id',
  `user_id` int(11) NOT NULL COMMENT '外部用户id',
  `file_id` varchar(16) NOT NULL COMMENT '文件id',
  `is_push` int(11) NOT NULL COMMENT '是否是推送（0 是 1 否）',
  `file_name` varchar(128) DEFAULT NULL COMMENT '文件名称',
  `push_date` datetime DEFAULT NULL COMMENT '推送时间',
  `product_id` varchar(32) NOT NULL COMMENT '产品id',
  `file_url` varchar(512) DEFAULT NULL COMMENT '文件路径',
  `deliver_date` datetime DEFAULT NULL COMMENT '发货时间'
) ENGINE=InnoDB DEFAULT CHARSET=utf8mb4;

-- --------------------------------------------------------

--
-- 表的结构 `t_cms_marketing_data`
--

CREATE TABLE `t_cms_marketing_data` (
  `id` int(11) NOT NULL COMMENT '主键id',
  `user_id` int(11) NOT NULL COMMENT '外部用户id',
  `product_id` varchar(32) NOT NULL COMMENT '产品id',
  `file_id` varchar(32) DEFAULT NULL COMMENT '文件id',
  `hard_ware_data` varchar(3072) DEFAULT NULL COMMENT '硬件数据',
  `soft_ware_data` varchar(3072) DEFAULT NULL COMMENT '软件数据',
  `service_data` varchar(3072) DEFAULT NULL COMMENT '服务数据',
  `discount` decimal(8,0) DEFAULT NULL COMMENT '折扣',
  `price` decimal(8,0) DEFAULT NULL COMMENT '价格'
) ENGINE=InnoDB DEFAULT CHARSET=utf8mb4;

-- --------------------------------------------------------

--
-- 表的结构 `t_cms_message`
--

CREATE TABLE `t_cms_message` (
  `id` int(11) NOT NULL COMMENT '主键id',
  `title` varchar(128) NOT NULL COMMENT '消息标题',
  `creator_id` int(11) NOT NULL COMMENT '发送者id',
  `creator_name` varchar(64) NOT NULL COMMENT '发送者名称',
  `content` varchar(3072) DEFAULT NULL COMMENT '消息内容',
  `file_id` int(11) DEFAULT NULL COMMENT '附件id',
  `send_date` datetime DEFAULT NULL COMMENT '发送时间',
  `remarks` varchar(1024) DEFAULT NULL COMMENT '消息备注',
  `is_pass` int(11) DEFAULT NULL COMMENT '是否审核通过（0 是  1 否）',
  `subtitle` varchar(128) DEFAULT NULL COMMENT '副标题',
  `lable` varchar(256) DEFAULT NULL COMMENT '标签',
  `back_url` varchar(256) DEFAULT NULL COMMENT '背景图片'
) ENGINE=InnoDB DEFAULT CHARSET=utf8mb4;

--
-- 转存表中的数据 `t_cms_message`
--

INSERT INTO `t_cms_message` (`id`, `title`, `creator_id`, `creator_name`, `content`, `file_id`, `send_date`, `remarks`, `is_pass`, `subtitle`, `lable`, `back_url`) VALUES
(1, '标题', 6, '管理员', 'jfkldajlask', 111, '2021-05-13 14:38:10', '发送的身份', 0, '二级标题', '销售', '/url/sss/2'),
(2, '标题', 6, '管理员', 'jfkldajlask', 111, '2021-05-13 08:00:00', '发送的身份', 0, '二级标题', '销售', '/url/sss/2'),
(3, '标题', 6, '管理员', 'jfkldajlask', 111, '2021-05-13 00:00:00', '发送的身份', 0, '二级标题', '销售', '/url/sss/3');

-- --------------------------------------------------------

--
-- 表的结构 `t_cms_out_user`
--

CREATE TABLE `t_cms_out_user` (
  `id` int(11) NOT NULL COMMENT '主键id',
  `nick` varchar(64) DEFAULT NULL COMMENT '昵称',
  `pass_word` varchar(128) NOT NULL COMMENT '密码',
  `email` varchar(64) NOT NULL COMMENT '邮箱（用户名）',
  `phone` varchar(11) DEFAULT NULL COMMENT '手机号',
  `organization_id` int(11) DEFAULT NULL COMMENT '所属组织id（关联组织表）',
  `organization_name` varchar(64) DEFAULT NULL COMMENT '所属组织名称',
  `position_id` int(11) DEFAULT NULL COMMENT '职位id',
  `position_name` varchar(64) DEFAULT NULL COMMENT '职位名称',
  `label_id` int(11) DEFAULT NULL COMMENT '标签id',
  `label_name` varchar(64) DEFAULT NULL COMMENT '标签名称',
  `level` int(11) NOT NULL COMMENT '用户等级（0，游客 1 普通用户，2 高权限用户，3 禁用用户）',
  `is_pass` int(11) NOT NULL COMMENT '是否审核通过（0 是  1 否）',
  `is_operation` int(11) DEFAULT NULL COMMENT '是否有权限（0 是 1 否）',
  `register_date` datetime NOT NULL COMMENT '注册时间'
) ENGINE=InnoDB DEFAULT CHARSET=utf8mb4;

--
-- 转存表中的数据 `t_cms_out_user`
--

INSERT INTO `t_cms_out_user` (`id`, `nick`, `pass_word`, `email`, `phone`, `organization_id`, `organization_name`, `position_id`, `position_name`, `label_id`, `label_name`, `level`, `is_pass`, `is_operation`, `register_date`) VALUES
(1, '123', '9d9d45892ccec8f0ba6ce9991ae3335', '1232131@qq.com', '13888888888', 1, '浪潮商用机器有限公司', 1, '职位1', 1, '销售', 1, 1, 1, '2021-05-13 16:13:59');

-- --------------------------------------------------------

--
-- 表的结构 `t_cms_postition`
--

CREATE TABLE `t_cms_postition` (
  `id` int(11) NOT NULL COMMENT '主键id',
  `position_name` varchar(64) NOT NULL COMMENT '职位名称',
  `position_code` varchar(64) NOT NULL COMMENT '职位code',
  `position_desc` varchar(128) DEFAULT NULL COMMENT '职位备注',
  `create_date` datetime NOT NULL COMMENT '创建时间'
) ENGINE=InnoDB DEFAULT CHARSET=utf8mb4;

-- --------------------------------------------------------

--
-- 表的结构 `t_cms_push_message`
--

CREATE TABLE `t_cms_push_message` (
  `id` int(11) NOT NULL COMMENT '主键id',
  `sender_id` int(11) NOT NULL COMMENT '发送者id',
  `sender_name` varchar(32) DEFAULT NULL COMMENT '发送者姓名',
  `receiver_id` int(11) NOT NULL COMMENT '接收者id',
  `receiver_name` varchar(32) DEFAULT NULL COMMENT '接收者姓名',
  `create_date` datetime DEFAULT NULL COMMENT '创建时间',
  `remarks` varchar(128) DEFAULT NULL COMMENT '备注',
  `message_id` int(11) NOT NULL COMMENT '文章id',
  `message_name` varchar(128) DEFAULT NULL COMMENT '文章名称',
  `is_read` int(11) NOT NULL COMMENT '是否阅读(0 否，1 是)',
  `read_date` datetime DEFAULT NULL COMMENT '阅读时间'
) ENGINE=InnoDB DEFAULT CHARSET=utf8mb4;

-- --------------------------------------------------------

--
-- 表的结构 `t_cms_ranking`
--

CREATE TABLE `t_cms_ranking` (
  `id` int(11) NOT NULL,
  `ranking_name` varchar(128) NOT NULL COMMENT '排行名称',
  `count` int(11) NOT NULL COMMENT '数量',
  `remarks` varchar(1024) DEFAULT NULL COMMENT '备注',
  `create_date` datetime DEFAULT NULL COMMENT '创建时间'
) ENGINE=InnoDB DEFAULT CHARSET=utf8mb4;

-- --------------------------------------------------------

--
-- 表的结构 `t_sys_permission`
--

CREATE TABLE `t_sys_permission` (
  `id` int(11) NOT NULL COMMENT 'id',
  `title` varchar(64) NOT NULL COMMENT '名称',
  `desc` varchar(256) DEFAULT NULL COMMENT '描述',
  `type` int(11) NOT NULL COMMENT '权限类型 1=API 2=功能',
  `entity` varchar(36) NOT NULL COMMENT '绑定实体',
  `api` varchar(256) DEFAULT NULL COMMENT 'API权限对应的URL地址',
  `state` int(11) NOT NULL DEFAULT '0' COMMENT '状态 0=OK 1=BAN'
) ENGINE=InnoDB DEFAULT CHARSET=utf8mb4 ROW_FORMAT=DYNAMIC;

--
-- 转存表中的数据 `t_sys_permission`
--

INSERT INTO `t_sys_permission` (`id`, `title`, `desc`, `type`, `entity`, `api`, `state`) VALUES
(1, '权限菜单-查', NULL, 1, 'uuid1', '/api/pl/*', 0),
(2, '某提示是否显示', NULL, 0, 'uuid1-1', NULL, 0);

-- --------------------------------------------------------

--
-- 表的结构 `t_sys_role`
--

CREATE TABLE `t_sys_role` (
  `id` int(11) NOT NULL COMMENT '主键',
  `title` varchar(64) DEFAULT NULL COMMENT '角色描述',
  `permission_list` varchar(256) NOT NULL DEFAULT '[]' COMMENT '权限列表 JSON Array [P1, P2, ...]',
  `state` int(11) NOT NULL DEFAULT '0' COMMENT '状态（0 有效，1 无效）'
) ENGINE=InnoDB DEFAULT CHARSET=utf8mb4 COMMENT='角色表' ROW_FORMAT=DYNAMIC;

--
-- 转存表中的数据 `t_sys_role`
--

INSERT INTO `t_sys_role` (`id`, `title`, `permission_list`, `state`) VALUES
(1, 'admin', '[1,2,3,4,5,6,7,8,9,10,11,12,13,14,15,17,18,19,20,21,22,23,24,25,26,27,28,29,30,31,32,33,34]', 0),
(2, '高级管理员', '[10,17,18,19,20,21,22,23,24,25,26,27,28,29,30,33,34,11,12,13,1,3]', 0),
(3, '产品或者研发', '[1,2,3,4,5,6,7,8,9,10,11,12,13,14,15,17,18,19,20,21,22,23,24,25,26,27,28,29,30,31,32,33,34]', 0),
(4, '供应链', '[1,2,3,4,5,6,7,8,9,10,11,12,13,14,15,17,18,19,20,21,22,23,24,25,26,27,28,29,30,31,32,33,34]', 0),
(5, '销售管理/合作伙伴管理', '[1,2,3,4,5,6,7,8,9,10,11,12,13,14,15,17,18,19,20,21,22,23,24,25,26,27,28,29,30,31,32,33,34]', 0);

-- --------------------------------------------------------

--
-- 表的结构 `t_sys_user`
--

CREATE TABLE `t_sys_user` (
  `uuid` varchar(36) NOT NULL COMMENT '主键id',
  `role_id_list` json DEFAULT NULL COMMENT '权限id JSON Arrary [role_id1, role_id2, ...]',
  `status` int(11) NOT NULL DEFAULT '0' COMMENT '状态 0=OK 1=BAN'
) ENGINE=InnoDB DEFAULT CHARSET=utf8mb4;

--
-- 转存表中的数据 `t_sys_user`
--

INSERT INTO `t_sys_user` (`uuid`, `role_id_list`, `status`) VALUES
('03489ea5-d227-472b-860d-ecdf80640d9a', '[40]', 0),
('18c2f08a-922f-4f3b-88fb-c31a88fc38d6', '[40]', 0),
('1a1b3447-e0b5-4686-a6a6-bf80d575da9b', '[40]', 0),
('24115317-604c-4900-b580-ea87d4bf7468', '[40]', 0),
('2414689e-dde2-47b0-aae0-c539e35e6b18', '[40]', 0),
('5e3159ce-e451-46b2-92a1-9bf67bc942d9', '[1]', 0),
('6', '[1]', 0),
('7064a56a-0b42-403a-967b-ae829e946f5d', '[40]', 0),
('726fc25c-22b6-41af-994b-a1986838e8b9', '[50]', 0),
('9b0a2391-4552-4317-bbb5-9317bc545eb7', '[40]', 0),
('a0d27247-b28e-4c18-b14d-2b908dbe3d3b', '[40]', 0),
('b32a36c6-b34d-4695-bd68-ff6c4a646c52', '[1]', 0),
('c9e50566-f361-496f-b009-5c4454439888', '[40]', 0),
('d1c1efb5-dbed-4927-96b8-b1507f0170a5', '[2]', 0),
('e9091e97-b671-455f-9eda-c89afd89001a', '[1]', 0),
('f5fa0bfe-0ebd-421d-85fc-bdf87df27807', '[40]', 0);

--
-- 转储表的索引
--

--
-- 表的索引 `t_basic_director`
--
ALTER TABLE `t_basic_director`
  ADD PRIMARY KEY (`uuid`);

--
-- 表的索引 `t_basic_organization`
--
ALTER TABLE `t_basic_organization`
  ADD PRIMARY KEY (`uuid`);

--
-- 表的索引 `t_basic_organization_relation`
--
ALTER TABLE `t_basic_organization_relation`
  ADD PRIMARY KEY (`uuid`);

--
-- 表的索引 `t_bk_label`
--
ALTER TABLE `t_bk_label`
  ADD PRIMARY KEY (`uuid`);

--
-- 表的索引 `t_cms_admirer`
--
ALTER TABLE `t_cms_admirer`
  ADD PRIMARY KEY (`id`);

--
-- 表的索引 `t_cms_marketing`
--
ALTER TABLE `t_cms_marketing`
  ADD PRIMARY KEY (`id`);

--
-- 表的索引 `t_cms_marketing_data`
--
ALTER TABLE `t_cms_marketing_data`
  ADD PRIMARY KEY (`id`);

--
-- 表的索引 `t_cms_message`
--
ALTER TABLE `t_cms_message`
  ADD PRIMARY KEY (`id`);

--
-- 表的索引 `t_cms_out_user`
--
ALTER TABLE `t_cms_out_user`
  ADD PRIMARY KEY (`id`);

--
-- 表的索引 `t_cms_postition`
--
ALTER TABLE `t_cms_postition`
  ADD PRIMARY KEY (`id`);

--
-- 表的索引 `t_cms_push_message`
--
ALTER TABLE `t_cms_push_message`
  ADD PRIMARY KEY (`id`);

--
-- 表的索引 `t_cms_ranking`
--
ALTER TABLE `t_cms_ranking`
  ADD PRIMARY KEY (`id`);

--
-- 表的索引 `t_sys_permission`
--
ALTER TABLE `t_sys_permission`
  ADD PRIMARY KEY (`id`) USING BTREE;

--
-- 表的索引 `t_sys_role`
--
ALTER TABLE `t_sys_role`
  ADD PRIMARY KEY (`id`) USING BTREE;

--
-- 表的索引 `t_sys_user`
--
ALTER TABLE `t_sys_user`
  ADD PRIMARY KEY (`uuid`);

--
-- 在导出的表使用AUTO_INCREMENT
--

--
-- 使用表AUTO_INCREMENT `t_cms_admirer`
--
ALTER TABLE `t_cms_admirer`
  MODIFY `id` int(11) NOT NULL AUTO_INCREMENT COMMENT '主键id', AUTO_INCREMENT=8;

--
-- 使用表AUTO_INCREMENT `t_cms_marketing`
--
ALTER TABLE `t_cms_marketing`
  MODIFY `id` int(11) NOT NULL AUTO_INCREMENT COMMENT '主键id';

--
-- 使用表AUTO_INCREMENT `t_cms_marketing_data`
--
ALTER TABLE `t_cms_marketing_data`
  MODIFY `id` int(11) NOT NULL AUTO_INCREMENT COMMENT '主键id';

--
-- 使用表AUTO_INCREMENT `t_cms_message`
--
ALTER TABLE `t_cms_message`
  MODIFY `id` int(11) NOT NULL AUTO_INCREMENT COMMENT '主键id', AUTO_INCREMENT=4;

--
-- 使用表AUTO_INCREMENT `t_cms_out_user`
--
ALTER TABLE `t_cms_out_user`
  MODIFY `id` int(11) NOT NULL AUTO_INCREMENT COMMENT '主键id', AUTO_INCREMENT=2;

--
-- 使用表AUTO_INCREMENT `t_cms_postition`
--
ALTER TABLE `t_cms_postition`
  MODIFY `id` int(11) NOT NULL AUTO_INCREMENT COMMENT '主键id';

--
-- 使用表AUTO_INCREMENT `t_cms_push_message`
--
ALTER TABLE `t_cms_push_message`
  MODIFY `id` int(11) NOT NULL AUTO_INCREMENT COMMENT '主键id';

--
-- 使用表AUTO_INCREMENT `t_sys_permission`
--
ALTER TABLE `t_sys_permission`
  MODIFY `id` int(11) NOT NULL AUTO_INCREMENT COMMENT 'id', AUTO_INCREMENT=3;

--
-- 使用表AUTO_INCREMENT `t_sys_role`
--
ALTER TABLE `t_sys_role`
  MODIFY `id` int(11) NOT NULL AUTO_INCREMENT COMMENT '主键', AUTO_INCREMENT=6;
COMMIT;

/*!40101 SET CHARACTER_SET_CLIENT=@OLD_CHARACTER_SET_CLIENT */;
/*!40101 SET CHARACTER_SET_RESULTS=@OLD_CHARACTER_SET_RESULTS */;
/*!40101 SET COLLATION_CONNECTION=@OLD_COLLATION_CONNECTION */;
